"","BPS_V","SCL_V","freq","X","Freq","BPS_CODE","ZONE","BPS_MODEL","BPS_NAME","GROUPVEG","FRI_REPLAC","FRI_MIXED","FRI_SURFAC","FRI_ALLFIR","PRC_REPLAC","PRC_MIXED","PRC_SURFAC","FRG_NEW","R","G","B","RED","GREEN","BLUE"
"1",31,"Other",68850,3,68850,31,"na","na","Barren-Rock/Sand/Clay","Barren-Rock/Sand/Clay",NA,NA,NA,NA,NA,NA,NA,NA,191,191,191,0.74902,0.74902,0.74902
"2",1561,"NatVeg",1059812,4,1318943,13022,"50","13022_41_50_51","Laurentian-Acadian Northern Hardwoods Forest-Hemlock","Hardwood",2040,NA,NA,2040,100,NA,NA,"V-B",76,230,0,0.298039,0.901961,0
"3",1561,"Other",122219,4,1318943,13022,"50","13022_41_50_51","Laurentian-Acadian Northern Hardwoods Forest-Hemlock","Hardwood",2040,NA,NA,2040,100,NA,NA,"V-B",76,230,0,0.298039,0.901961,0
"4",1561,"Developed",101819,4,1318943,13022,"50","13022_41_50_51","Laurentian-Acadian Northern Hardwoods Forest-Hemlock","Hardwood",2040,NA,NA,2040,100,NA,NA,"V-B",76,230,0,0.298039,0.901961,0
"5",1561,"Ag",35093,4,1318943,13022,"50","13022_41_50_51","Laurentian-Acadian Northern Hardwoods Forest-Hemlock","Hardwood",2040,NA,NA,2040,100,NA,NA,"V-B",76,230,0,0.298039,0.901961,0
"6",1562,"NatVeg",647451,5,785553,13022,"50","13022_41_50_51","Laurentian-Acadian Northern Hardwoods Forest-Hemlock","Hardwood",2040,NA,NA,2040,100,NA,NA,"V-B",76,230,150,0.298039,0.901961,0.588235
"7",1562,"Other",66062,5,785553,13022,"50","13022_41_50_51","Laurentian-Acadian Northern Hardwoods Forest-Hemlock","Hardwood",2040,NA,NA,2040,100,NA,NA,"V-B",76,230,150,0.298039,0.901961,0.588235
"8",1562,"Developed",60685,5,785553,13022,"50","13022_41_50_51","Laurentian-Acadian Northern Hardwoods Forest-Hemlock","Hardwood",2040,NA,NA,2040,100,NA,NA,"V-B",76,230,150,0.298039,0.901961,0.588235
"9",1562,"Ag",11355,5,785553,13022,"50","13022_41_50_51","Laurentian-Acadian Northern Hardwoods Forest-Hemlock","Hardwood",2040,NA,NA,2040,100,NA,NA,"V-B",76,230,150,0.298039,0.901961,0.588235
"10",1563,"NatVeg",17,6,337,13100,"50","13100_44_50","North-Central Interior Dry-Mesic Oak Forest and Woodland","Hardwood",123,49,76,24,20,48,32,"I-C",176,163,222,0.690196,0.639216,0.870588
"11",1563,"Other",1,6,337,13100,"50","13100_44_50","North-Central Interior Dry-Mesic Oak Forest and Woodland","Hardwood",123,49,76,24,20,48,32,"I-C",176,163,222,0.690196,0.639216,0.870588
"12",1563,"Developed",319,6,337,13100,"50","13100_44_50","North-Central Interior Dry-Mesic Oak Forest and Woodland","Hardwood",123,49,76,24,20,48,32,"I-C",176,163,222,0.690196,0.639216,0.870588
"13",1568,"NatVeg",6035,7,6805,13651,"50","13651_40_41_50","Boreal White Spruce-Fir-Hardwood Forest-Inland","Conifer",250,1468,NA,213,85,15,NA,"V-A",147,194,114,0.576471,0.760784,0.447059
"14",1568,"Other",166,7,6805,13651,"50","13651_40_41_50","Boreal White Spruce-Fir-Hardwood Forest-Inland","Conifer",250,1468,NA,213,85,15,NA,"V-A",147,194,114,0.576471,0.760784,0.447059
"15",1568,"Developed",512,7,6805,13651,"50","13651_40_41_50","Boreal White Spruce-Fir-Hardwood Forest-Inland","Conifer",250,1468,NA,213,85,15,NA,"V-A",147,194,114,0.576471,0.760784,0.447059
"16",1568,"Ag",92,7,6805,13651,"50","13651_40_41_50","Boreal White Spruce-Fir-Hardwood Forest-Inland","Conifer",250,1468,NA,213,85,15,NA,"V-A",147,194,114,0.576471,0.760784,0.447059
"17",1569,"NatVeg",8833,8,11655,13660,"50","13660_50","Laurentian-Acadian Pine-Hemlock-Hardwood Forest","Hardwood-Conifer",483,1018,291,154,32,15,53,"III-B",208,255,99,0.815686,1,0.388235
"18",1569,"Other",539,8,11655,13660,"50","13660_50","Laurentian-Acadian Pine-Hemlock-Hardwood Forest","Hardwood-Conifer",483,1018,291,154,32,15,53,"III-B",208,255,99,0.815686,1,0.388235
"19",1569,"Developed",1642,8,11655,13660,"50","13660_50","Laurentian-Acadian Pine-Hemlock-Hardwood Forest","Hardwood-Conifer",483,1018,291,154,32,15,53,"III-B",208,255,99,0.815686,1,0.388235
"20",1569,"Ag",641,8,11655,13660,"50","13660_50","Laurentian-Acadian Pine-Hemlock-Hardwood Forest","Hardwood-Conifer",483,1018,291,154,32,15,53,"III-B",208,255,99,0.815686,1,0.388235
"21",1570,"Developed",31,9,31,13940,"50","13940_50_51","North-Central Interior Oak Savanna","Hardwood",66,184,5,5,7,3,90,"I-A",230,213,138,0.901961,0.835294,0.541176
"22",1573,"NatVeg",1606,10,4078,14072,"50","14072_41_50_51","Laurentian Pine-Oak Barrens-Jack Pine","Conifer",25,46,18,8,34,18,48,"I-B",153,66,100,0.6,0.258824,0.392157
"23",1573,"Other",59,10,4078,14072,"50","14072_41_50_51","Laurentian Pine-Oak Barrens-Jack Pine","Conifer",25,46,18,8,34,18,48,"I-B",153,66,100,0.6,0.258824,0.392157
"24",1573,"Developed",2329,10,4078,14072,"50","14072_41_50_51","Laurentian Pine-Oak Barrens-Jack Pine","Conifer",25,46,18,8,34,18,48,"I-B",153,66,100,0.6,0.258824,0.392157
"25",1573,"Ag",84,10,4078,14072,"50","14072_41_50_51","Laurentian Pine-Oak Barrens-Jack Pine","Conifer",25,46,18,8,34,18,48,"I-B",153,66,100,0.6,0.258824,0.392157
"26",1575,"NatVeg",22,11,1847,14120,"50","14120_39_40_41_42_43_50_51","North-Central Interior Sand and Gravel Tallgrass Prairie","Grassland",4,NA,87,3,96,NA,4,"II-A",214,0,157,0.839216,0,0.615686
"27",1575,"Other",1468,11,1847,14120,"50","14120_39_40_41_42_43_50_51","North-Central Interior Sand and Gravel Tallgrass Prairie","Grassland",4,NA,87,3,96,NA,4,"II-A",214,0,157,0.839216,0,0.615686
"28",1575,"Developed",352,11,1847,14120,"50","14120_39_40_41_42_43_50_51","North-Central Interior Sand and Gravel Tallgrass Prairie","Grassland",4,NA,87,3,96,NA,4,"II-A",214,0,157,0.839216,0,0.615686
"29",1575,"Ag",5,11,1847,14120,"50","14120_39_40_41_42_43_50_51","North-Central Interior Sand and Gravel Tallgrass Prairie","Grassland",4,NA,87,3,96,NA,4,"II-A",214,0,157,0.839216,0,0.615686
"30",1576,"NatVeg",17,12,5102,14210,"50","14210_31_38_42_43_44_50_51","Central Tallgrass Prairie","Grassland",4,NA,NA,4,100,NA,NA,"II-A",232,255,196,0.909804,1,0.768627
"31",1576,"Other",4585,12,5102,14210,"50","14210_31_38_42_43_44_50_51","Central Tallgrass Prairie","Grassland",4,NA,NA,4,100,NA,NA,"II-A",232,255,196,0.909804,1,0.768627
"32",1576,"Developed",468,12,5102,14210,"50","14210_31_38_42_43_44_50_51","Central Tallgrass Prairie","Grassland",4,NA,NA,4,100,NA,NA,"II-A",232,255,196,0.909804,1,0.768627
"33",1576,"Ag",32,12,5102,14210,"50","14210_31_38_42_43_44_50_51","Central Tallgrass Prairie","Grassland",4,NA,NA,4,100,NA,NA,"II-A",232,255,196,0.909804,1,0.768627
"34",1577,"NatVeg",16299,13,18160,14440,"50","14440_41_50_51","Eastern Boreal Floodplain","Hardwood",NA,581,312,203,NA,35,65,"V-A",69,69,156,0.270588,0.270588,0.611765
"35",1577,"Other",1203,13,18160,14440,"50","14440_41_50_51","Eastern Boreal Floodplain","Hardwood",NA,581,312,203,NA,35,65,"V-A",69,69,156,0.270588,0.270588,0.611765
"36",1577,"Developed",578,13,18160,14440,"50","14440_41_50_51","Eastern Boreal Floodplain","Hardwood",NA,581,312,203,NA,35,65,"V-A",69,69,156,0.270588,0.270588,0.611765
"37",1577,"Ag",80,13,18160,14440,"50","14440_41_50_51","Eastern Boreal Floodplain","Hardwood",NA,581,312,203,NA,35,65,"V-A",69,69,156,0.270588,0.270588,0.611765
"38",1578,"NatVeg",8465,14,9000,14660,"50","14660_50_51","Great Lakes Wooded Dune and Swale","Riparian",3715,536,NA,468,13,87,NA,"V-A",181,0,0,0.709804,0,0
"39",1578,"Other",42,14,9000,14660,"50","14660_50_51","Great Lakes Wooded Dune and Swale","Riparian",3715,536,NA,468,13,87,NA,"V-A",181,0,0,0.709804,0,0
"40",1578,"Developed",463,14,9000,14660,"50","14660_50_51","Great Lakes Wooded Dune and Swale","Riparian",3715,536,NA,468,13,87,NA,"V-A",181,0,0,0.709804,0,0
"41",1578,"Ag",30,14,9000,14660,"50","14660_50_51","Great Lakes Wooded Dune and Swale","Riparian",3715,536,NA,468,13,87,NA,"V-A",181,0,0,0.709804,0,0
"42",1580,"NatVeg",15469,15,37654,14750,"50","14750_41_50_51_63_64_65_66","Laurentian-Acadian Floodplain Systems","Riparian",NA,435,68,59,NA,14,86,"III-A",122,143,245,0.478431,0.560784,0.960784
"43",1580,"Other",20537,15,37654,14750,"50","14750_41_50_51_63_64_65_66","Laurentian-Acadian Floodplain Systems","Riparian",NA,435,68,59,NA,14,86,"III-A",122,143,245,0.478431,0.560784,0.960784
"44",1580,"Developed",1424,15,37654,14750,"50","14750_41_50_51_63_64_65_66","Laurentian-Acadian Floodplain Systems","Riparian",NA,435,68,59,NA,14,86,"III-A",122,143,245,0.478431,0.560784,0.960784
"45",1580,"Ag",224,15,37654,14750,"50","14750_41_50_51_63_64_65_66","Laurentian-Acadian Floodplain Systems","Riparian",NA,435,68,59,NA,14,86,"III-A",122,143,245,0.478431,0.560784,0.960784
"46",1581,"NatVeg",445761,16,476735,14770,"50","14770_40_41_50_51","Boreal Acidic Peatland Systems","Riparian",716,NA,123,105,15,NA,85,"III-B",106,0,138,0.415686,0,0.541176
"47",1581,"Other",15182,16,476735,14770,"50","14770_40_41_50_51","Boreal Acidic Peatland Systems","Riparian",716,NA,123,105,15,NA,85,"III-B",106,0,138,0.415686,0,0.541176
"48",1581,"Developed",13649,16,476735,14770,"50","14770_40_41_50_51","Boreal Acidic Peatland Systems","Riparian",716,NA,123,105,15,NA,85,"III-B",106,0,138,0.415686,0,0.541176
"49",1581,"Ag",2143,16,476735,14770,"50","14770_40_41_50_51","Boreal Acidic Peatland Systems","Riparian",716,NA,123,105,15,NA,85,"III-B",106,0,138,0.415686,0,0.541176
"50",1583,"NatVeg",211930,17,218963,14810,"50","14810_41_50_51_63","Laurentian-Acadian Alkaline Conifer-Hardwood Swamp","Riparian",989,NA,NA,989,100,NA,NA,"V-B",232,189,255,0.909804,0.741176,1
"51",1583,"Other",2097,17,218963,14810,"50","14810_41_50_51_63","Laurentian-Acadian Alkaline Conifer-Hardwood Swamp","Riparian",989,NA,NA,989,100,NA,NA,"V-B",232,189,255,0.909804,0.741176,1
"52",1583,"Developed",4283,17,218963,14810,"50","14810_41_50_51_63","Laurentian-Acadian Alkaline Conifer-Hardwood Swamp","Riparian",989,NA,NA,989,100,NA,NA,"V-B",232,189,255,0.909804,0.741176,1
"53",1583,"Ag",653,17,218963,14810,"50","14810_41_50_51_63","Laurentian-Acadian Alkaline Conifer-Hardwood Swamp","Riparian",989,NA,NA,989,100,NA,NA,"V-B",232,189,255,0.909804,0.741176,1
"54",1584,"NatVeg",875,18,41733,14920,"50","14920_41_50_51_52_63","Great Lakes Coastal Marsh Systems","Riparian",NA,NA,NA,NA,NA,NA,NA,NA,122,245,202,0.478431,0.960784,0.792157
"55",1584,"Other",39396,18,41733,14920,"50","14920_41_50_51_52_63","Great Lakes Coastal Marsh Systems","Riparian",NA,NA,NA,NA,NA,NA,NA,NA,122,245,202,0.478431,0.960784,0.792157
"56",1584,"Developed",1384,18,41733,14920,"50","14920_41_50_51_52_63","Great Lakes Coastal Marsh Systems","Riparian",NA,NA,NA,NA,NA,NA,NA,NA,122,245,202,0.478431,0.960784,0.792157
"57",1584,"Ag",78,18,41733,14920,"50","14920_41_50_51_52_63","Great Lakes Coastal Marsh Systems","Riparian",NA,NA,NA,NA,NA,NA,NA,NA,122,245,202,0.478431,0.960784,0.792157
"58",1586,"NatVeg",21888,19,29970,14940,"50","14940_41_50_51","Laurentian-Acadian Shrub-Herbaceous Wetland Systems","Riparian",18,NA,NA,18,100,NA,NA,"II-C",0,168,107,0,0.658824,0.419608
"59",1586,"Other",7066,19,29970,14940,"50","14940_41_50_51","Laurentian-Acadian Shrub-Herbaceous Wetland Systems","Riparian",18,NA,NA,18,100,NA,NA,"II-C",0,168,107,0,0.658824,0.419608
"60",1586,"Developed",825,19,29970,14940,"50","14940_41_50_51","Laurentian-Acadian Shrub-Herbaceous Wetland Systems","Riparian",18,NA,NA,18,100,NA,NA,"II-C",0,168,107,0,0.658824,0.419608
"61",1586,"Ag",191,19,29970,14940,"50","14940_41_50_51","Laurentian-Acadian Shrub-Herbaceous Wetland Systems","Riparian",18,NA,NA,18,100,NA,NA,"II-C",0,168,107,0,0.658824,0.419608
"62",1588,"NatVeg",9,20,11,13022,"41","13022_41_50_51","Laurentian-Acadian Northern Hardwoods Forest-Hemlock","Hardwood",2040,NA,NA,2040,100,NA,NA,"V-B",76,230,0,0.298039,0.901961,0
"63",1588,"Other",2,20,11,13022,"41","13022_41_50_51","Laurentian-Acadian Northern Hardwoods Forest-Hemlock","Hardwood",2040,NA,NA,2040,100,NA,NA,"V-B",76,230,0,0.298039,0.901961,0
"64",1593,"NatVeg",8,21,9,13440,"41","13440_41","Boreal Jack Pine-Black Spruce Forest","Conifer",82,NA,NA,82,100,NA,NA,"IV-A",255,140,140,1,0.54902,0.54902
"65",1593,"Other",1,21,9,13440,"41","13440_41","Boreal Jack Pine-Black Spruce Forest","Conifer",82,NA,NA,82,100,NA,NA,"IV-A",255,140,140,1,0.54902,0.54902
"66",1596,"NatVeg",356041,22,361736,13651,"41","13651_40_41_50","Boreal White Spruce-Fir-Hardwood Forest-Inland","Conifer",250,1468,NA,213,85,15,NA,"V-A",147,194,114,0.576471,0.760784,0.447059
"67",1596,"Other",5372,22,361736,13651,"41","13651_40_41_50","Boreal White Spruce-Fir-Hardwood Forest-Inland","Conifer",250,1468,NA,213,85,15,NA,"V-A",147,194,114,0.576471,0.760784,0.447059
"68",1596,"Developed",29,22,361736,13651,"41","13651_40_41_50","Boreal White Spruce-Fir-Hardwood Forest-Inland","Conifer",250,1468,NA,213,85,15,NA,"V-A",147,194,114,0.576471,0.760784,0.447059
"69",1596,"Ag",294,22,361736,13651,"41","13651_40_41_50","Boreal White Spruce-Fir-Hardwood Forest-Inland","Conifer",250,1468,NA,213,85,15,NA,"V-A",147,194,114,0.576471,0.760784,0.447059
"70",1597,"NatVeg",126336,23,128425,13652,"41","13652_41","Boreal White Spruce-Fir-Hardwood Forest-Coastal","Conifer",939,1147,NA,516,55,45,NA,"V-B",110,137,70,0.431373,0.537255,0.27451
"71",1597,"Other",1912,23,128425,13652,"41","13652_41","Boreal White Spruce-Fir-Hardwood Forest-Coastal","Conifer",939,1147,NA,516,55,45,NA,"V-B",110,137,70,0.431373,0.537255,0.27451
"72",1597,"Developed",72,23,128425,13652,"41","13652_41","Boreal White Spruce-Fir-Hardwood Forest-Coastal","Conifer",939,1147,NA,516,55,45,NA,"V-B",110,137,70,0.431373,0.537255,0.27451
"73",1597,"Ag",105,23,128425,13652,"41","13652_41","Boreal White Spruce-Fir-Hardwood Forest-Coastal","Conifer",939,1147,NA,516,55,45,NA,"V-B",110,137,70,0.431373,0.537255,0.27451
"74",1598,"NatVeg",448,24,731,13653,"41","13653_41","Boreal White Spruce-Fir-Hardwood Forest-Aspen-Birch","Conifer",112,243,NA,76,68,32,NA,"III-A",255,255,145,1,1,0.568627
"75",1598,"Other",280,24,731,13653,"41","13653_41","Boreal White Spruce-Fir-Hardwood Forest-Aspen-Birch","Conifer",112,243,NA,76,68,32,NA,"III-A",255,255,145,1,1,0.568627
"76",1598,"Ag",3,24,731,13653,"41","13653_41","Boreal White Spruce-Fir-Hardwood Forest-Aspen-Birch","Conifer",112,243,NA,76,68,32,NA,"III-A",255,255,145,1,1,0.568627
"77",1605,"NatVeg",2389,25,3130,14440,"41","14440_41_50_51","Eastern Boreal Floodplain","Hardwood",NA,581,312,203,NA,35,65,"V-A",69,69,156,0.270588,0.270588,0.611765
"78",1605,"Other",741,25,3130,14440,"41","14440_41_50_51","Eastern Boreal Floodplain","Hardwood",NA,581,312,203,NA,35,65,"V-A",69,69,156,0.270588,0.270588,0.611765
"79",1607,"NatVeg",71,26,103,14750,"41","14750_41_50_51_63_64_65_66","Laurentian-Acadian Floodplain Systems","Riparian",NA,435,68,59,NA,14,86,"III-A",122,143,245,0.478431,0.560784,0.960784
"80",1607,"Other",32,26,103,14750,"41","14750_41_50_51_63_64_65_66","Laurentian-Acadian Floodplain Systems","Riparian",NA,435,68,59,NA,14,86,"III-A",122,143,245,0.478431,0.560784,0.960784
"81",1608,"NatVeg",37506,27,38532,14770,"41","14770_40_41_50_51","Boreal Acidic Peatland Systems","Riparian",716,NA,123,105,15,NA,85,"III-B",106,0,138,0.415686,0,0.541176
"82",1608,"Other",993,27,38532,14770,"41","14770_40_41_50_51","Boreal Acidic Peatland Systems","Riparian",716,NA,123,105,15,NA,85,"III-B",106,0,138,0.415686,0,0.541176
"83",1608,"Developed",13,27,38532,14770,"41","14770_40_41_50_51","Boreal Acidic Peatland Systems","Riparian",716,NA,123,105,15,NA,85,"III-B",106,0,138,0.415686,0,0.541176
"84",1608,"Ag",20,27,38532,14770,"41","14770_40_41_50_51","Boreal Acidic Peatland Systems","Riparian",716,NA,123,105,15,NA,85,"III-B",106,0,138,0.415686,0,0.541176
"85",1610,"NatVeg",61021,28,61550,14810,"41","14810_41_50_51_63","Laurentian-Acadian Alkaline Conifer-Hardwood Swamp","Riparian",989,NA,NA,989,100,NA,NA,"V-B",232,189,255,0.909804,0.741176,1
"86",1610,"Other",477,28,61550,14810,"41","14810_41_50_51_63","Laurentian-Acadian Alkaline Conifer-Hardwood Swamp","Riparian",989,NA,NA,989,100,NA,NA,"V-B",232,189,255,0.909804,0.741176,1
"87",1610,"Developed",16,28,61550,14810,"41","14810_41_50_51_63","Laurentian-Acadian Alkaline Conifer-Hardwood Swamp","Riparian",989,NA,NA,989,100,NA,NA,"V-B",232,189,255,0.909804,0.741176,1
"88",1610,"Ag",36,28,61550,14810,"41","14810_41_50_51_63","Laurentian-Acadian Alkaline Conifer-Hardwood Swamp","Riparian",989,NA,NA,989,100,NA,NA,"V-B",232,189,255,0.909804,0.741176,1
"89",1611,"NatVeg",11,29,2068,14920,"41","14920_41_50_51_52_63","Great Lakes Coastal Marsh Systems","Riparian",NA,NA,NA,NA,NA,NA,NA,NA,122,245,202,0.478431,0.960784,0.792157
"90",1611,"Other",2057,29,2068,14920,"41","14920_41_50_51_52_63","Great Lakes Coastal Marsh Systems","Riparian",NA,NA,NA,NA,NA,NA,NA,NA,122,245,202,0.478431,0.960784,0.792157
"91",1613,"NatVeg",1966,30,3820,14940,"41","14940_41_50_51","Laurentian-Acadian Shrub-Herbaceous Wetland Systems","Riparian",18,NA,NA,18,100,NA,NA,"II-C",0,168,107,0,0.658824,0.419608
"92",1613,"Other",1827,30,3820,14940,"41","14940_41_50_51","Laurentian-Acadian Shrub-Herbaceous Wetland Systems","Riparian",18,NA,NA,18,100,NA,NA,"II-C",0,168,107,0,0.658824,0.419608
"93",1613,"Developed",1,30,3820,14940,"41","14940_41_50_51","Laurentian-Acadian Shrub-Herbaceous Wetland Systems","Riparian",18,NA,NA,18,100,NA,NA,"II-C",0,168,107,0,0.658824,0.419608
"94",1613,"Ag",26,30,3820,14940,"41","14940_41_50_51","Laurentian-Acadian Shrub-Herbaceous Wetland Systems","Riparian",18,NA,NA,18,100,NA,NA,"II-C",0,168,107,0,0.658824,0.419608
"95",1614,"NatVeg",12563591,31,23636687,13022,"51","13022_41_50_51","Laurentian-Acadian Northern Hardwoods Forest-Hemlock","Hardwood",2040,NA,NA,2040,100,NA,NA,"V-B",76,230,0,0.298039,0.901961,0
"96",1614,"Other",4852796,31,23636687,13022,"51","13022_41_50_51","Laurentian-Acadian Northern Hardwoods Forest-Hemlock","Hardwood",2040,NA,NA,2040,100,NA,NA,"V-B",76,230,0,0.298039,0.901961,0
"97",1614,"Developed",2017863,31,23636687,13022,"51","13022_41_50_51","Laurentian-Acadian Northern Hardwoods Forest-Hemlock","Hardwood",2040,NA,NA,2040,100,NA,NA,"V-B",76,230,0,0.298039,0.901961,0
"98",1614,"Ag",4202437,31,23636687,13022,"51","13022_41_50_51","Laurentian-Acadian Northern Hardwoods Forest-Hemlock","Hardwood",2040,NA,NA,2040,100,NA,NA,"V-B",76,230,0,0.298039,0.901961,0
"99",1615,"NatVeg",6913462,32,10455096,13022,"51","13022_41_50_51","Laurentian-Acadian Northern Hardwoods Forest-Hemlock","Hardwood",2040,NA,NA,2040,100,NA,NA,"V-B",76,230,150,0.298039,0.901961,0.588235
"100",1615,"Other",1448574,32,10455096,13022,"51","13022_41_50_51","Laurentian-Acadian Northern Hardwoods Forest-Hemlock","Hardwood",2040,NA,NA,2040,100,NA,NA,"V-B",76,230,150,0.298039,0.901961,0.588235
"101",1615,"Developed",741176,32,10455096,13022,"51","13022_41_50_51","Laurentian-Acadian Northern Hardwoods Forest-Hemlock","Hardwood",2040,NA,NA,2040,100,NA,NA,"V-B",76,230,150,0.298039,0.901961,0.588235
"102",1615,"Ag",1351884,32,10455096,13022,"51","13022_41_50_51","Laurentian-Acadian Northern Hardwoods Forest-Hemlock","Hardwood",2040,NA,NA,2040,100,NA,NA,"V-B",76,230,150,0.298039,0.901961,0.588235
"103",1616,"NatVeg",387115,33,457856,13023,"51","13023_51","Laurentian-Acadian Northern Hardwoods Forest-Northern Sugar Maple-Basswood ","Hardwood",1016,NA,NA,1016,100,NA,NA,"V-B",38,105,0,0.14902,0.411765,0
"104",1616,"Other",38951,33,457856,13023,"51","13023_51","Laurentian-Acadian Northern Hardwoods Forest-Northern Sugar Maple-Basswood ","Hardwood",1016,NA,NA,1016,100,NA,NA,"V-B",38,105,0,0.14902,0.411765,0
"105",1616,"Developed",17431,33,457856,13023,"51","13023_51","Laurentian-Acadian Northern Hardwoods Forest-Northern Sugar Maple-Basswood ","Hardwood",1016,NA,NA,1016,100,NA,NA,"V-B",38,105,0,0.14902,0.411765,0
"106",1616,"Ag",14359,33,457856,13023,"51","13023_51","Laurentian-Acadian Northern Hardwoods Forest-Northern Sugar Maple-Basswood ","Hardwood",1016,NA,NA,1016,100,NA,NA,"V-B",38,105,0,0.14902,0.411765,0
"107",1617,"NatVeg",1563777,34,8362066,13100,"51","13100_51","North-Central Interior Dry-Mesic Oak Forest and Woodland","Hardwood",161,160,11,9,6,6,88,"I-B",176,163,222,0.690196,0.639216,0.870588
"108",1617,"Other",542838,34,8362066,13100,"51","13100_51","North-Central Interior Dry-Mesic Oak Forest and Woodland","Hardwood",161,160,11,9,6,6,88,"I-B",176,163,222,0.690196,0.639216,0.870588
"109",1617,"Developed",2055888,34,8362066,13100,"51","13100_51","North-Central Interior Dry-Mesic Oak Forest and Woodland","Hardwood",161,160,11,9,6,6,88,"I-B",176,163,222,0.690196,0.639216,0.870588
"110",1617,"Ag",4199563,34,8362066,13100,"51","13100_51","North-Central Interior Dry-Mesic Oak Forest and Woodland","Hardwood",161,160,11,9,6,6,88,"I-B",176,163,222,0.690196,0.639216,0.870588
"111",1618,"NatVeg",759725,35,3073953,13110,"51","13110_51","North-Central Interior Dry Oak Forest and Woodland","Hardwood",137,111,11,9,7,8,85,"I-B",179,207,143,0.701961,0.811765,0.560784
"112",1618,"Other",256287,35,3073953,13110,"51","13110_51","North-Central Interior Dry Oak Forest and Woodland","Hardwood",137,111,11,9,7,8,85,"I-B",179,207,143,0.701961,0.811765,0.560784
"113",1618,"Developed",664276,35,3073953,13110,"51","13110_51","North-Central Interior Dry Oak Forest and Woodland","Hardwood",137,111,11,9,7,8,85,"I-B",179,207,143,0.701961,0.811765,0.560784
"114",1618,"Ag",1393665,35,3073953,13110,"51","13110_51","North-Central Interior Dry Oak Forest and Woodland","Hardwood",137,111,11,9,7,8,85,"I-B",179,207,143,0.701961,0.811765,0.560784
"115",1619,"NatVeg",2924477,36,28583282,13130,"51","13130_47_50_51","North-Central Interior Beech-Maple Forest","Hardwood",1004,NA,836,456,45,NA,55,"V-A",0,156,44,0,0.611765,0.172549
"116",1619,"Other",1786007,36,28583282,13130,"51","13130_47_50_51","North-Central Interior Beech-Maple Forest","Hardwood",1004,NA,836,456,45,NA,55,"V-A",0,156,44,0,0.611765,0.172549
"117",1619,"Developed",6745708,36,28583282,13130,"51","13130_47_50_51","North-Central Interior Beech-Maple Forest","Hardwood",1004,NA,836,456,45,NA,55,"V-A",0,156,44,0,0.611765,0.172549
"118",1619,"Ag",17127090,36,28583282,13130,"51","13130_47_50_51","North-Central Interior Beech-Maple Forest","Hardwood",1004,NA,836,456,45,NA,55,"V-A",0,156,44,0,0.611765,0.172549
"119",1620,"NatVeg",2173020,37,2946699,13441,"51","13441_51","Boreal Jack Pine-Black Spruce Forest-Pine Barrens","Conifer",34,64,7,5,15,8,77,"I-A",255,140,140,1,0.54902,0.54902
"120",1620,"Other",398110,37,2946699,13441,"51","13441_51","Boreal Jack Pine-Black Spruce Forest-Pine Barrens","Conifer",34,64,7,5,15,8,77,"I-A",255,140,140,1,0.54902,0.54902
"121",1620,"Developed",341067,37,2946699,13441,"51","13441_51","Boreal Jack Pine-Black Spruce Forest-Pine Barrens","Conifer",34,64,7,5,15,8,77,"I-A",255,140,140,1,0.54902,0.54902
"122",1620,"Ag",34502,37,2946699,13441,"51","13441_51","Boreal Jack Pine-Black Spruce Forest-Pine Barrens","Conifer",34,64,7,5,15,8,77,"I-A",255,140,140,1,0.54902,0.54902
"123",1621,"NatVeg",118221,38,301620,13442,"51","13442_51","Boreal Jack Pine-Black Spruce Forest-Spruce-Fir","Conifer",112,NA,NA,112,100,NA,NA,"IV-B",135,200,114,0.529412,0.784314,0.447059
"124",1621,"Other",122823,38,301620,13442,"51","13442_51","Boreal Jack Pine-Black Spruce Forest-Spruce-Fir","Conifer",112,NA,NA,112,100,NA,NA,"IV-B",135,200,114,0.529412,0.784314,0.447059
"125",1621,"Developed",32535,38,301620,13442,"51","13442_51","Boreal Jack Pine-Black Spruce Forest-Spruce-Fir","Conifer",112,NA,NA,112,100,NA,NA,"IV-B",135,200,114,0.529412,0.784314,0.447059
"126",1621,"Ag",28041,38,301620,13442,"51","13442_51","Boreal Jack Pine-Black Spruce Forest-Spruce-Fir","Conifer",112,NA,NA,112,100,NA,NA,"IV-B",135,200,114,0.529412,0.784314,0.447059
"127",1622,"NatVeg",7697309,39,14317213,13620,"51","13620_51_63_64_65_66","Laurentian-Acadian Northern Pine(-Oak) Forest","Hardwood-Conifer",309,447,65,48,16,11,73,"III-A",255,191,191,1,0.74902,0.74902
"128",1622,"Other",1540634,39,14317213,13620,"51","13620_51_63_64_65_66","Laurentian-Acadian Northern Pine(-Oak) Forest","Hardwood-Conifer",309,447,65,48,16,11,73,"III-A",255,191,191,1,0.74902,0.74902
"129",1622,"Developed",2126617,39,14317213,13620,"51","13620_51_63_64_65_66","Laurentian-Acadian Northern Pine(-Oak) Forest","Hardwood-Conifer",309,447,65,48,16,11,73,"III-A",255,191,191,1,0.74902,0.74902
"130",1622,"Ag",2952653,39,14317213,13620,"51","13620_51_63_64_65_66","Laurentian-Acadian Northern Pine(-Oak) Forest","Hardwood-Conifer",309,447,65,48,16,11,73,"III-A",255,191,191,1,0.74902,0.74902
"131",1623,"NatVeg",4177980,40,5708965,13651,"51","13651_51","Boreal White Spruce-Fir-Hardwood Forest-Inland","Conifer",490,524,NA,253,52,48,NA,"V-A",147,194,114,0.576471,0.760784,0.447059
"132",1623,"Other",283209,40,5708965,13651,"51","13651_51","Boreal White Spruce-Fir-Hardwood Forest-Inland","Conifer",490,524,NA,253,52,48,NA,"V-A",147,194,114,0.576471,0.760784,0.447059
"133",1623,"Developed",499786,40,5708965,13651,"51","13651_51","Boreal White Spruce-Fir-Hardwood Forest-Inland","Conifer",490,524,NA,253,52,48,NA,"V-A",147,194,114,0.576471,0.760784,0.447059
"134",1623,"Ag",747990,40,5708965,13651,"51","13651_51","Boreal White Spruce-Fir-Hardwood Forest-Inland","Conifer",490,524,NA,253,52,48,NA,"V-A",147,194,114,0.576471,0.760784,0.447059
"135",1624,"NatVeg",2173375,41,3322554,13652,"51","13652_51","Boreal White Spruce-Fir-Hardwood Forest-Coastal","Conifer",872,1306,NA,523,60,40,NA,"V-B",110,137,70,0.431373,0.537255,0.27451
"136",1624,"Other",140553,41,3322554,13652,"51","13652_51","Boreal White Spruce-Fir-Hardwood Forest-Coastal","Conifer",872,1306,NA,523,60,40,NA,"V-B",110,137,70,0.431373,0.537255,0.27451
"137",1624,"Developed",338590,41,3322554,13652,"51","13652_51","Boreal White Spruce-Fir-Hardwood Forest-Coastal","Conifer",872,1306,NA,523,60,40,NA,"V-B",110,137,70,0.431373,0.537255,0.27451
"138",1624,"Ag",670036,41,3322554,13652,"51","13652_51","Boreal White Spruce-Fir-Hardwood Forest-Coastal","Conifer",872,1306,NA,523,60,40,NA,"V-B",110,137,70,0.431373,0.537255,0.27451
"139",1625,"NatVeg",4438403,42,8654110,13660,"51","13660_51_63_64_65_66","Laurentian-Acadian Pine-Hemlock-Hardwood Forest","Hardwood-Conifer",482,998,289,153,32,15,53,"III-B",208,255,99,0.815686,1,0.388235
"140",1625,"Other",401895,42,8654110,13660,"51","13660_51_63_64_65_66","Laurentian-Acadian Pine-Hemlock-Hardwood Forest","Hardwood-Conifer",482,998,289,153,32,15,53,"III-B",208,255,99,0.815686,1,0.388235
"141",1625,"Developed",914698,42,8654110,13660,"51","13660_51_63_64_65_66","Laurentian-Acadian Pine-Hemlock-Hardwood Forest","Hardwood-Conifer",482,998,289,153,32,15,53,"III-B",208,255,99,0.815686,1,0.388235
"142",1625,"Ag",2899114,42,8654110,13660,"51","13660_51_63_64_65_66","Laurentian-Acadian Pine-Hemlock-Hardwood Forest","Hardwood-Conifer",482,998,289,153,32,15,53,"III-B",208,255,99,0.815686,1,0.388235
"143",1626,"NatVeg",114393,43,1060474,13940,"51","13940_50_51","North-Central Interior Oak Savanna","Hardwood",66,184,5,5,7,3,90,"I-A",230,213,138,0.901961,0.835294,0.541176
"144",1626,"Other",40676,43,1060474,13940,"51","13940_50_51","North-Central Interior Oak Savanna","Hardwood",66,184,5,5,7,3,90,"I-A",230,213,138,0.901961,0.835294,0.541176
"145",1626,"Developed",514214,43,1060474,13940,"51","13940_50_51","North-Central Interior Oak Savanna","Hardwood",66,184,5,5,7,3,90,"I-A",230,213,138,0.901961,0.835294,0.541176
"146",1626,"Ag",391191,43,1060474,13940,"51","13940_50_51","North-Central Interior Oak Savanna","Hardwood",66,184,5,5,7,3,90,"I-A",230,213,138,0.901961,0.835294,0.541176
"147",1627,"NatVeg",1439403,44,6854696,13950,"51","13950_51","North-Central Oak Barrens","Hardwood",49,180,6,5,10,3,87,"I-A",255,235,176,1,0.921569,0.690196
"148",1627,"Other",529815,44,6854696,13950,"51","13950_51","North-Central Oak Barrens","Hardwood",49,180,6,5,10,3,87,"I-A",255,235,176,1,0.921569,0.690196
"149",1627,"Developed",1931969,44,6854696,13950,"51","13950_51","North-Central Oak Barrens","Hardwood",49,180,6,5,10,3,87,"I-A",255,235,176,1,0.921569,0.690196
"150",1627,"Ag",2953509,44,6854696,13950,"51","13950_51","North-Central Oak Barrens","Hardwood",49,180,6,5,10,3,87,"I-A",255,235,176,1,0.921569,0.690196
"151",1628,"NatVeg",3219661,45,4695456,14071,"51","14071_41_50_51","Laurentian Pine-Oak Barrens","Hardwood-Conifer",109,75,5,4,4,6,90,"I-A",153,66,0,0.6,0.258824,0
"152",1628,"Other",834724,45,4695456,14071,"51","14071_41_50_51","Laurentian Pine-Oak Barrens","Hardwood-Conifer",109,75,5,4,4,6,90,"I-A",153,66,0,0.6,0.258824,0
"153",1628,"Developed",563817,45,4695456,14071,"51","14071_41_50_51","Laurentian Pine-Oak Barrens","Hardwood-Conifer",109,75,5,4,4,6,90,"I-A",153,66,0,0.6,0.258824,0
"154",1628,"Ag",77254,45,4695456,14071,"51","14071_41_50_51","Laurentian Pine-Oak Barrens","Hardwood-Conifer",109,75,5,4,4,6,90,"I-A",153,66,0,0.6,0.258824,0
"155",1629,"NatVeg",464606,46,612007,14072,"51","14072_41_50_51","Laurentian Pine-Oak Barrens-Jack Pine","Conifer",25,46,18,8,34,18,48,"I-B",153,66,100,0.6,0.258824,0.392157
"156",1629,"Other",71851,46,612007,14072,"51","14072_41_50_51","Laurentian Pine-Oak Barrens-Jack Pine","Conifer",25,46,18,8,34,18,48,"I-B",153,66,100,0.6,0.258824,0.392157
"157",1629,"Developed",63337,46,612007,14072,"51","14072_41_50_51","Laurentian Pine-Oak Barrens-Jack Pine","Conifer",25,46,18,8,34,18,48,"I-B",153,66,100,0.6,0.258824,0.392157
"158",1629,"Ag",12213,46,612007,14072,"51","14072_41_50_51","Laurentian Pine-Oak Barrens-Jack Pine","Conifer",25,46,18,8,34,18,48,"I-B",153,66,100,0.6,0.258824,0.392157
"159",1630,"NatVeg",82492,47,642676,14110,"51","14110_49_51_52","Great Lakes Wet-Mesic Lakeplain Prairie","Riparian",24,NA,NA,24,100,NA,NA,"II-C",235,255,0,0.921569,1,0
"160",1630,"Other",40870,47,642676,14110,"51","14110_49_51_52","Great Lakes Wet-Mesic Lakeplain Prairie","Riparian",24,NA,NA,24,100,NA,NA,"II-C",235,255,0,0.921569,1,0
"161",1630,"Developed",251182,47,642676,14110,"51","14110_49_51_52","Great Lakes Wet-Mesic Lakeplain Prairie","Riparian",24,NA,NA,24,100,NA,NA,"II-C",235,255,0,0.921569,1,0
"162",1630,"Ag",268132,47,642676,14110,"51","14110_49_51_52","Great Lakes Wet-Mesic Lakeplain Prairie","Riparian",24,NA,NA,24,100,NA,NA,"II-C",235,255,0,0.921569,1,0
"163",1631,"NatVeg",322,48,311707,14120,"51","14120_39_40_41_42_43_50_51","North-Central Interior Sand and Gravel Tallgrass Prairie","Grassland",4,NA,87,3,96,NA,4,"II-A",214,0,157,0.839216,0,0.615686
"164",1631,"Other",32812,48,311707,14120,"51","14120_39_40_41_42_43_50_51","North-Central Interior Sand and Gravel Tallgrass Prairie","Grassland",4,NA,87,3,96,NA,4,"II-A",214,0,157,0.839216,0,0.615686
"165",1631,"Developed",72478,48,311707,14120,"51","14120_39_40_41_42_43_50_51","North-Central Interior Sand and Gravel Tallgrass Prairie","Grassland",4,NA,87,3,96,NA,4,"II-A",214,0,157,0.839216,0,0.615686
"166",1631,"Ag",206095,48,311707,14120,"51","14120_39_40_41_42_43_50_51","North-Central Interior Sand and Gravel Tallgrass Prairie","Grassland",4,NA,87,3,96,NA,4,"II-A",214,0,157,0.839216,0,0.615686
"167",1632,"NatVeg",12099,49,519881,14210,"51","14210_31_38_42_43_44_50_51","Central Tallgrass Prairie","Grassland",4,NA,NA,4,100,NA,NA,"II-A",232,255,196,0.909804,1,0.768627
"168",1632,"Other",166232,49,519881,14210,"51","14210_31_38_42_43_44_50_51","Central Tallgrass Prairie","Grassland",4,NA,NA,4,100,NA,NA,"II-A",232,255,196,0.909804,1,0.768627
"169",1632,"Developed",90712,49,519881,14210,"51","14210_31_38_42_43_44_50_51","Central Tallgrass Prairie","Grassland",4,NA,NA,4,100,NA,NA,"II-A",232,255,196,0.909804,1,0.768627
"170",1632,"Ag",250838,49,519881,14210,"51","14210_31_38_42_43_44_50_51","Central Tallgrass Prairie","Grassland",4,NA,NA,4,100,NA,NA,"II-A",232,255,196,0.909804,1,0.768627
"171",1633,"NatVeg",282045,50,405466,14440,"51","14440_41_50_51","Eastern Boreal Floodplain","Hardwood",NA,581,312,203,NA,35,65,"V-A",69,69,156,0.270588,0.270588,0.611765
"172",1633,"Other",104421,50,405466,14440,"51","14440_41_50_51","Eastern Boreal Floodplain","Hardwood",NA,581,312,203,NA,35,65,"V-A",69,69,156,0.270588,0.270588,0.611765
"173",1633,"Developed",5203,50,405466,14440,"51","14440_41_50_51","Eastern Boreal Floodplain","Hardwood",NA,581,312,203,NA,35,65,"V-A",69,69,156,0.270588,0.270588,0.611765
"174",1633,"Ag",13797,50,405466,14440,"51","14440_41_50_51","Eastern Boreal Floodplain","Hardwood",NA,581,312,203,NA,35,65,"V-A",69,69,156,0.270588,0.270588,0.611765
"175",1634,"NatVeg",58004,51,62209,14660,"51","14660_50_51","Great Lakes Wooded Dune and Swale","Riparian",3715,536,NA,468,13,87,NA,"V-A",181,0,0,0.709804,0,0
"176",1634,"Other",1421,51,62209,14660,"51","14660_50_51","Great Lakes Wooded Dune and Swale","Riparian",3715,536,NA,468,13,87,NA,"V-A",181,0,0,0.709804,0,0
"177",1634,"Developed",2543,51,62209,14660,"51","14660_50_51","Great Lakes Wooded Dune and Swale","Riparian",3715,536,NA,468,13,87,NA,"V-A",181,0,0,0.709804,0,0
"178",1634,"Ag",241,51,62209,14660,"51","14660_50_51","Great Lakes Wooded Dune and Swale","Riparian",3715,536,NA,468,13,87,NA,"V-A",181,0,0,0.709804,0,0
"179",1635,"NatVeg",2019835,52,4845318,14710,"51","14710_51_62","Central Interior and Appalachian Floodplain Systems","Riparian",NA,429,67,58,NA,14,86,"III-A",0,191,176,0,0.74902,0.690196
"180",1635,"Other",2367212,52,4845318,14710,"51","14710_51_62","Central Interior and Appalachian Floodplain Systems","Riparian",NA,429,67,58,NA,14,86,"III-A",0,191,176,0,0.74902,0.690196
"181",1635,"Developed",167625,52,4845318,14710,"51","14710_51_62","Central Interior and Appalachian Floodplain Systems","Riparian",NA,429,67,58,NA,14,86,"III-A",0,191,176,0,0.74902,0.690196
"182",1635,"Ag",290646,52,4845318,14710,"51","14710_51_62","Central Interior and Appalachian Floodplain Systems","Riparian",NA,429,67,58,NA,14,86,"III-A",0,191,176,0,0.74902,0.690196
"183",1636,"NatVeg",544664,53,1159843,14750,"51","14750_41_50_51_63_64_65_66","Laurentian-Acadian Floodplain Systems","Riparian",NA,435,68,59,NA,14,86,"III-A",122,143,245,0.478431,0.560784,0.960784
"184",1636,"Other",567621,53,1159843,14750,"51","14750_41_50_51_63_64_65_66","Laurentian-Acadian Floodplain Systems","Riparian",NA,435,68,59,NA,14,86,"III-A",122,143,245,0.478431,0.560784,0.960784
"185",1636,"Developed",20477,53,1159843,14750,"51","14750_41_50_51_63_64_65_66","Laurentian-Acadian Floodplain Systems","Riparian",NA,435,68,59,NA,14,86,"III-A",122,143,245,0.478431,0.560784,0.960784
"186",1636,"Ag",27081,53,1159843,14750,"51","14750_41_50_51_63_64_65_66","Laurentian-Acadian Floodplain Systems","Riparian",NA,435,68,59,NA,14,86,"III-A",122,143,245,0.478431,0.560784,0.960784
"187",1637,"NatVeg",6003584,54,6260610,14770,"51","14770_40_41_50_51","Boreal Acidic Peatland Systems","Riparian",716,NA,123,105,15,NA,85,"III-B",106,0,138,0.415686,0,0.541176
"188",1637,"Other",154494,54,6260610,14770,"51","14770_40_41_50_51","Boreal Acidic Peatland Systems","Riparian",716,NA,123,105,15,NA,85,"III-B",106,0,138,0.415686,0,0.541176
"189",1637,"Developed",79153,54,6260610,14770,"51","14770_40_41_50_51","Boreal Acidic Peatland Systems","Riparian",716,NA,123,105,15,NA,85,"III-B",106,0,138,0.415686,0,0.541176
"190",1637,"Ag",23379,54,6260610,14770,"51","14770_40_41_50_51","Boreal Acidic Peatland Systems","Riparian",716,NA,123,105,15,NA,85,"III-B",106,0,138,0.415686,0,0.541176
"191",1638,"NatVeg",2052481,55,2567755,14790,"51","14790_41_42_47_48_50_51_53","Central Interior and Appalachian Swamp Systems","Riparian",987,NA,NA,987,100,NA,NA,"V-B",207,61,255,0.811765,0.239216,1
"192",1638,"Other",291628,55,2567755,14790,"51","14790_41_42_47_48_50_51_53","Central Interior and Appalachian Swamp Systems","Riparian",987,NA,NA,987,100,NA,NA,"V-B",207,61,255,0.811765,0.239216,1
"193",1638,"Developed",76945,55,2567755,14790,"51","14790_41_42_47_48_50_51_53","Central Interior and Appalachian Swamp Systems","Riparian",987,NA,NA,987,100,NA,NA,"V-B",207,61,255,0.811765,0.239216,1
"194",1638,"Ag",146701,55,2567755,14790,"51","14790_41_42_47_48_50_51_53","Central Interior and Appalachian Swamp Systems","Riparian",987,NA,NA,987,100,NA,NA,"V-B",207,61,255,0.811765,0.239216,1
"195",1639,"NatVeg",16331939,56,16982598,14810,"51","14810_41_50_51_63","Laurentian-Acadian Alkaline Conifer-Hardwood Swamp","Riparian",989,NA,NA,989,100,NA,NA,"V-B",232,189,255,0.909804,0.741176,1
"196",1639,"Other",195185,56,16982598,14810,"51","14810_41_50_51_63","Laurentian-Acadian Alkaline Conifer-Hardwood Swamp","Riparian",989,NA,NA,989,100,NA,NA,"V-B",232,189,255,0.909804,0.741176,1
"197",1639,"Developed",255766,56,16982598,14810,"51","14810_41_50_51_63","Laurentian-Acadian Alkaline Conifer-Hardwood Swamp","Riparian",989,NA,NA,989,100,NA,NA,"V-B",232,189,255,0.909804,0.741176,1
"198",1639,"Ag",199708,56,16982598,14810,"51","14810_41_50_51_63","Laurentian-Acadian Alkaline Conifer-Hardwood Swamp","Riparian",989,NA,NA,989,100,NA,NA,"V-B",232,189,255,0.909804,0.741176,1
"199",1640,"NatVeg",32954,57,203746,14920,"51","14920_41_50_51_52_63","Great Lakes Coastal Marsh Systems","Riparian",NA,NA,NA,NA,NA,NA,NA,NA,122,245,202,0.478431,0.960784,0.792157
"200",1640,"Other",121302,57,203746,14920,"51","14920_41_50_51_52_63","Great Lakes Coastal Marsh Systems","Riparian",NA,NA,NA,NA,NA,NA,NA,NA,122,245,202,0.478431,0.960784,0.792157
"201",1640,"Developed",44802,57,203746,14920,"51","14920_41_50_51_52_63","Great Lakes Coastal Marsh Systems","Riparian",NA,NA,NA,NA,NA,NA,NA,NA,122,245,202,0.478431,0.960784,0.792157
"202",1640,"Ag",4688,57,203746,14920,"51","14920_41_50_51_52_63","Great Lakes Coastal Marsh Systems","Riparian",NA,NA,NA,NA,NA,NA,NA,NA,122,245,202,0.478431,0.960784,0.792157
"203",1641,"NatVeg",4131,58,11955,14940,"51","14940_41_50_51","Laurentian-Acadian Shrub-Herbaceous Wetland Systems","Riparian",18,NA,NA,18,100,NA,NA,"II-C",0,168,107,0,0.658824,0.419608
"204",1641,"Other",5249,58,11955,14940,"51","14940_41_50_51","Laurentian-Acadian Shrub-Herbaceous Wetland Systems","Riparian",18,NA,NA,18,100,NA,NA,"II-C",0,168,107,0,0.658824,0.419608
"205",1641,"Developed",561,58,11955,14940,"51","14940_41_50_51","Laurentian-Acadian Shrub-Herbaceous Wetland Systems","Riparian",18,NA,NA,18,100,NA,NA,"II-C",0,168,107,0,0.658824,0.419608
"206",1641,"Ag",2014,58,11955,14940,"51","14940_41_50_51","Laurentian-Acadian Shrub-Herbaceous Wetland Systems","Riparian",18,NA,NA,18,100,NA,NA,"II-C",0,168,107,0,0.658824,0.419608
"207",1965,"NatVeg",16778,59,391453,13100,"52","13100_52","North-Central Interior Dry-Mesic Oak Forest and Woodland","Hardwood",75,47,23,13,17,27,56,"I-B",176,163,222,0.690196,0.639216,0.870588
"208",1965,"Other",12158,59,391453,13100,"52","13100_52","North-Central Interior Dry-Mesic Oak Forest and Woodland","Hardwood",75,47,23,13,17,27,56,"I-B",176,163,222,0.690196,0.639216,0.870588
"209",1965,"Developed",75817,59,391453,13100,"52","13100_52","North-Central Interior Dry-Mesic Oak Forest and Woodland","Hardwood",75,47,23,13,17,27,56,"I-B",176,163,222,0.690196,0.639216,0.870588
"210",1965,"Ag",286700,59,391453,13100,"52","13100_52","North-Central Interior Dry-Mesic Oak Forest and Woodland","Hardwood",75,47,23,13,17,27,56,"I-B",176,163,222,0.690196,0.639216,0.870588
"211",1966,"NatVeg",1995,60,19933,13110,"52","13110_52","North-Central Interior Dry Oak Forest and Woodland","Hardwood",149,151,11,9,6,6,88,"I-B",179,207,143,0.701961,0.811765,0.560784
"212",1966,"Other",1183,60,19933,13110,"52","13110_52","North-Central Interior Dry Oak Forest and Woodland","Hardwood",149,151,11,9,6,6,88,"I-B",179,207,143,0.701961,0.811765,0.560784
"213",1966,"Developed",4817,60,19933,13110,"52","13110_52","North-Central Interior Dry Oak Forest and Woodland","Hardwood",149,151,11,9,6,6,88,"I-B",179,207,143,0.701961,0.811765,0.560784
"214",1966,"Ag",11938,60,19933,13110,"52","13110_52","North-Central Interior Dry Oak Forest and Woodland","Hardwood",149,151,11,9,6,6,88,"I-B",179,207,143,0.701961,0.811765,0.560784
"215",1967,"NatVeg",16790,61,774508,13130,"52","13130_49_52_62","North-Central Interior Beech-Maple Forest","Hardwood",1026,NA,852,465,45,NA,55,"V-A",0,156,44,0,0.611765,0.172549
"216",1967,"Other",15737,61,774508,13130,"52","13130_49_52_62","North-Central Interior Beech-Maple Forest","Hardwood",1026,NA,852,465,45,NA,55,"V-A",0,156,44,0,0.611765,0.172549
"217",1967,"Developed",105233,61,774508,13130,"52","13130_49_52_62","North-Central Interior Beech-Maple Forest","Hardwood",1026,NA,852,465,45,NA,55,"V-A",0,156,44,0,0.611765,0.172549
"218",1967,"Ag",636748,61,774508,13130,"52","13130_49_52_62","North-Central Interior Beech-Maple Forest","Hardwood",1026,NA,852,465,45,NA,55,"V-A",0,156,44,0,0.611765,0.172549
"219",1968,"NatVeg",1043,62,15099,13940,"52","13940_52","North-Central Interior Oak Savanna","Hardwood",552,187,5,5,1,3,96,"I-A",230,213,138,0.901961,0.835294,0.541176
"220",1968,"Other",715,62,15099,13940,"52","13940_52","North-Central Interior Oak Savanna","Hardwood",552,187,5,5,1,3,96,"I-A",230,213,138,0.901961,0.835294,0.541176
"221",1968,"Developed",3222,62,15099,13940,"52","13940_52","North-Central Interior Oak Savanna","Hardwood",552,187,5,5,1,3,96,"I-A",230,213,138,0.901961,0.835294,0.541176
"222",1968,"Ag",10119,62,15099,13940,"52","13940_52","North-Central Interior Oak Savanna","Hardwood",552,187,5,5,1,3,96,"I-A",230,213,138,0.901961,0.835294,0.541176
"223",1969,"NatVeg",44708,63,223402,13950,"52","13950_41_42_43_49_52","North-Central Oak Barrens","Hardwood",341,246,5,5,1,2,97,"I-A",255,235,176,1,0.921569,0.690196
"224",1969,"Other",18795,63,223402,13950,"52","13950_41_42_43_49_52","North-Central Oak Barrens","Hardwood",341,246,5,5,1,2,97,"I-A",255,235,176,1,0.921569,0.690196
"225",1969,"Developed",69058,63,223402,13950,"52","13950_41_42_43_49_52","North-Central Oak Barrens","Hardwood",341,246,5,5,1,2,97,"I-A",255,235,176,1,0.921569,0.690196
"226",1969,"Ag",90841,63,223402,13950,"52","13950_41_42_43_49_52","North-Central Oak Barrens","Hardwood",341,246,5,5,1,2,97,"I-A",255,235,176,1,0.921569,0.690196
"227",1970,"NatVeg",4667,64,17506,14110,"52","14110_49_51_52","Great Lakes Wet-Mesic Lakeplain Prairie","Riparian",24,NA,NA,24,100,NA,NA,"II-C",235,255,0,0.921569,1,0
"228",1970,"Other",1694,64,17506,14110,"52","14110_49_51_52","Great Lakes Wet-Mesic Lakeplain Prairie","Riparian",24,NA,NA,24,100,NA,NA,"II-C",235,255,0,0.921569,1,0
"229",1970,"Developed",3635,64,17506,14110,"52","14110_49_51_52","Great Lakes Wet-Mesic Lakeplain Prairie","Riparian",24,NA,NA,24,100,NA,NA,"II-C",235,255,0,0.921569,1,0
"230",1970,"Ag",7510,64,17506,14110,"52","14110_49_51_52","Great Lakes Wet-Mesic Lakeplain Prairie","Riparian",24,NA,NA,24,100,NA,NA,"II-C",235,255,0,0.921569,1,0
"231",1972,"NatVeg",3,65,241,14210,"52","14210_49_52","Central Tallgrass Prairie","Grassland",4,NA,NA,4,100,NA,NA,"II-A",232,255,196,0.909804,1,0.768627
"232",1972,"Other",95,65,241,14210,"52","14210_49_52","Central Tallgrass Prairie","Grassland",4,NA,NA,4,100,NA,NA,"II-A",232,255,196,0.909804,1,0.768627
"233",1972,"Developed",31,65,241,14210,"52","14210_49_52","Central Tallgrass Prairie","Grassland",4,NA,NA,4,100,NA,NA,"II-A",232,255,196,0.909804,1,0.768627
"234",1972,"Ag",112,65,241,14210,"52","14210_49_52","Central Tallgrass Prairie","Grassland",4,NA,NA,4,100,NA,NA,"II-A",232,255,196,0.909804,1,0.768627
"235",1973,"NatVeg",5680,66,50470,14710,"52","14710_49_52","Central Interior and Appalachian Floodplain Systems","Riparian",NA,426,68,59,NA,14,86,"III-A",0,191,176,0,0.74902,0.690196
"236",1973,"Other",11411,66,50470,14710,"52","14710_49_52","Central Interior and Appalachian Floodplain Systems","Riparian",NA,426,68,59,NA,14,86,"III-A",0,191,176,0,0.74902,0.690196
"237",1973,"Developed",6056,66,50470,14710,"52","14710_49_52","Central Interior and Appalachian Floodplain Systems","Riparian",NA,426,68,59,NA,14,86,"III-A",0,191,176,0,0.74902,0.690196
"238",1973,"Ag",27323,66,50470,14710,"52","14710_49_52","Central Interior and Appalachian Floodplain Systems","Riparian",NA,426,68,59,NA,14,86,"III-A",0,191,176,0,0.74902,0.690196
"239",1974,"NatVeg",65157,67,618367,14790,"52","14790_52_62","Central Interior and Appalachian Swamp Systems","Riparian",989,NA,NA,989,100,NA,NA,"V-B",207,61,255,0.811765,0.239216,1
"240",1974,"Other",28608,67,618367,14790,"52","14790_52_62","Central Interior and Appalachian Swamp Systems","Riparian",989,NA,NA,989,100,NA,NA,"V-B",207,61,255,0.811765,0.239216,1
"241",1974,"Developed",89467,67,618367,14790,"52","14790_52_62","Central Interior and Appalachian Swamp Systems","Riparian",989,NA,NA,989,100,NA,NA,"V-B",207,61,255,0.811765,0.239216,1
"242",1974,"Ag",435135,67,618367,14790,"52","14790_52_62","Central Interior and Appalachian Swamp Systems","Riparian",989,NA,NA,989,100,NA,NA,"V-B",207,61,255,0.811765,0.239216,1
"243",1975,"NatVeg",4940,68,57727,14920,"52","14920_41_50_51_52_63","Great Lakes Coastal Marsh Systems","Riparian",NA,NA,NA,NA,NA,NA,NA,NA,122,245,202,0.478431,0.960784,0.792157
"244",1975,"Other",20140,68,57727,14920,"52","14920_41_50_51_52_63","Great Lakes Coastal Marsh Systems","Riparian",NA,NA,NA,NA,NA,NA,NA,NA,122,245,202,0.478431,0.960784,0.792157
"245",1975,"Developed",16226,68,57727,14920,"52","14920_41_50_51_52_63","Great Lakes Coastal Marsh Systems","Riparian",NA,NA,NA,NA,NA,NA,NA,NA,122,245,202,0.478431,0.960784,0.792157
"246",1975,"Ag",16421,68,57727,14920,"52","14920_41_50_51_52_63","Great Lakes Coastal Marsh Systems","Riparian",NA,NA,NA,NA,NA,NA,NA,NA,122,245,202,0.478431,0.960784,0.792157
"247",1976,"NatVeg",4459,69,12170,14930,"52","14930_52_62","Central Interior and Appalachian Shrub-Herbaceous Wetland Systems","Riparian",17,NA,NA,17,100,NA,NA,"II-C",240,150,20,0.941176,0.588235,0.078431
"248",1976,"Other",1938,69,12170,14930,"52","14930_52_62","Central Interior and Appalachian Shrub-Herbaceous Wetland Systems","Riparian",17,NA,NA,17,100,NA,NA,"II-C",240,150,20,0.941176,0.588235,0.078431
"249",1976,"Developed",1044,69,12170,14930,"52","14930_52_62","Central Interior and Appalachian Shrub-Herbaceous Wetland Systems","Riparian",17,NA,NA,17,100,NA,NA,"II-C",240,150,20,0.941176,0.588235,0.078431
"250",1976,"Ag",4729,69,12170,14930,"52","14930_52_62","Central Interior and Appalachian Shrub-Herbaceous Wetland Systems","Riparian",17,NA,NA,17,100,NA,NA,"II-C",240,150,20,0.941176,0.588235,0.078431
"251",1977,"NatVeg",12971,70,72681,15180,"52","15180_43_47_49_52_62_63_64_65","North-Central Interior Wet Flatwoods","Hardwood",993,NA,NA,993,100,NA,NA,"V-B",211,237,38,0.827451,0.929412,0.14902
"252",1977,"Other",4003,70,72681,15180,"52","15180_43_47_49_52_62_63_64_65","North-Central Interior Wet Flatwoods","Hardwood",993,NA,NA,993,100,NA,NA,"V-B",211,237,38,0.827451,0.929412,0.14902
"253",1977,"Developed",12606,70,72681,15180,"52","15180_43_47_49_52_62_63_64_65","North-Central Interior Wet Flatwoods","Hardwood",993,NA,NA,993,100,NA,NA,"V-B",211,237,38,0.827451,0.929412,0.14902
"254",1977,"Ag",43101,70,72681,15180,"52","15180_43_47_49_52_62_63_64_65","North-Central Interior Wet Flatwoods","Hardwood",993,NA,NA,993,100,NA,NA,"V-B",211,237,38,0.827451,0.929412,0.14902
"255",2017,"NatVeg",20877,71,126102,13100,"49","13100_49","North-Central Interior Dry-Mesic Oak Forest and Woodland","Hardwood",75,47,23,13,17,27,56,"I-B",176,163,222,0.690196,0.639216,0.870588
"256",2017,"Other",9354,71,126102,13100,"49","13100_49","North-Central Interior Dry-Mesic Oak Forest and Woodland","Hardwood",75,47,23,13,17,27,56,"I-B",176,163,222,0.690196,0.639216,0.870588
"257",2017,"Developed",15530,71,126102,13100,"49","13100_49","North-Central Interior Dry-Mesic Oak Forest and Woodland","Hardwood",75,47,23,13,17,27,56,"I-B",176,163,222,0.690196,0.639216,0.870588
"258",2017,"Ag",80341,71,126102,13100,"49","13100_49","North-Central Interior Dry-Mesic Oak Forest and Woodland","Hardwood",75,47,23,13,17,27,56,"I-B",176,163,222,0.690196,0.639216,0.870588
"259",2018,"NatVeg",6223,72,26766,13110,"49","13110_49","North-Central Interior Dry Oak Forest and Woodland","Hardwood",149,149,11,9,7,6,87,"I-B",179,207,143,0.701961,0.811765,0.560784
"260",2018,"Other",2155,72,26766,13110,"49","13110_49","North-Central Interior Dry Oak Forest and Woodland","Hardwood",149,149,11,9,7,6,87,"I-B",179,207,143,0.701961,0.811765,0.560784
"261",2018,"Developed",3276,72,26766,13110,"49","13110_49","North-Central Interior Dry Oak Forest and Woodland","Hardwood",149,149,11,9,7,6,87,"I-B",179,207,143,0.701961,0.811765,0.560784
"262",2018,"Ag",15112,72,26766,13110,"49","13110_49","North-Central Interior Dry Oak Forest and Woodland","Hardwood",149,149,11,9,7,6,87,"I-B",179,207,143,0.701961,0.811765,0.560784
"263",2019,"NatVeg",5955,73,29953,13130,"49","13130_49_52_62","North-Central Interior Beech-Maple Forest","Hardwood",1026,NA,852,465,45,NA,55,"V-A",0,156,44,0,0.611765,0.172549
"264",2019,"Other",2613,73,29953,13130,"49","13130_49_52_62","North-Central Interior Beech-Maple Forest","Hardwood",1026,NA,852,465,45,NA,55,"V-A",0,156,44,0,0.611765,0.172549
"265",2019,"Developed",4658,73,29953,13130,"49","13130_49_52_62","North-Central Interior Beech-Maple Forest","Hardwood",1026,NA,852,465,45,NA,55,"V-A",0,156,44,0,0.611765,0.172549
"266",2019,"Ag",16727,73,29953,13130,"49","13130_49_52_62","North-Central Interior Beech-Maple Forest","Hardwood",1026,NA,852,465,45,NA,55,"V-A",0,156,44,0,0.611765,0.172549
"267",2020,"NatVeg",4740,74,17760,13140,"49","13140_49","North-Central Interior Maple-Basswood Forest","Hardwood",1030,NA,845,464,45,NA,55,"V-A",237,161,102,0.929412,0.631373,0.4
"268",2020,"Other",3503,74,17760,13140,"49","13140_49","North-Central Interior Maple-Basswood Forest","Hardwood",1030,NA,845,464,45,NA,55,"V-A",237,161,102,0.929412,0.631373,0.4
"269",2020,"Developed",3737,74,17760,13140,"49","13140_49","North-Central Interior Maple-Basswood Forest","Hardwood",1030,NA,845,464,45,NA,55,"V-A",237,161,102,0.929412,0.631373,0.4
"270",2020,"Ag",5780,74,17760,13140,"49","13140_49","North-Central Interior Maple-Basswood Forest","Hardwood",1030,NA,845,464,45,NA,55,"V-A",237,161,102,0.929412,0.631373,0.4
"271",2024,"NatVeg",39,75,239,13940,"49","13940_44_49","North-Central Interior Oak Savanna","Hardwood",550,189,5,5,1,3,96,"I-A",230,213,138,0.901961,0.835294,0.541176
"272",2024,"Other",16,75,239,13940,"49","13940_44_49","North-Central Interior Oak Savanna","Hardwood",550,189,5,5,1,3,96,"I-A",230,213,138,0.901961,0.835294,0.541176
"273",2024,"Developed",11,75,239,13940,"49","13940_44_49","North-Central Interior Oak Savanna","Hardwood",550,189,5,5,1,3,96,"I-A",230,213,138,0.901961,0.835294,0.541176
"274",2024,"Ag",173,75,239,13940,"49","13940_44_49","North-Central Interior Oak Savanna","Hardwood",550,189,5,5,1,3,96,"I-A",230,213,138,0.901961,0.835294,0.541176
"275",2028,"NatVeg",1,76,7,14120,"49","14120_49","North-Central Interior Sand and Gravel Tallgrass Prairie","Grassland",4,NA,87,3,96,NA,4,"II-A",214,0,157,0.839216,0,0.615686
"276",2028,"Other",4,76,7,14120,"49","14120_49","North-Central Interior Sand and Gravel Tallgrass Prairie","Grassland",4,NA,87,3,96,NA,4,"II-A",214,0,157,0.839216,0,0.615686
"277",2028,"Developed",1,76,7,14120,"49","14120_49","North-Central Interior Sand and Gravel Tallgrass Prairie","Grassland",4,NA,87,3,96,NA,4,"II-A",214,0,157,0.839216,0,0.615686
"278",2028,"Ag",1,76,7,14120,"49","14120_49","North-Central Interior Sand and Gravel Tallgrass Prairie","Grassland",4,NA,87,3,96,NA,4,"II-A",214,0,157,0.839216,0,0.615686
"279",2029,"NatVeg",819,77,86898,14210,"49","14210_49_52","Central Tallgrass Prairie","Grassland",4,NA,NA,4,100,NA,NA,"II-A",232,255,196,0.909804,1,0.768627
"280",2029,"Other",32911,77,86898,14210,"49","14210_49_52","Central Tallgrass Prairie","Grassland",4,NA,NA,4,100,NA,NA,"II-A",232,255,196,0.909804,1,0.768627
"281",2029,"Developed",7828,77,86898,14210,"49","14210_49_52","Central Tallgrass Prairie","Grassland",4,NA,NA,4,100,NA,NA,"II-A",232,255,196,0.909804,1,0.768627
"282",2029,"Ag",45340,77,86898,14210,"49","14210_49_52","Central Tallgrass Prairie","Grassland",4,NA,NA,4,100,NA,NA,"II-A",232,255,196,0.909804,1,0.768627
"283",2031,"NatVeg",26898,78,59421,14660,"49","14660_49","Great Lakes Wooded Dune and Swale","Riparian",2663,533,NA,444,17,83,NA,"V-A",181,0,0,0.709804,0,0
"284",2031,"Other",6153,78,59421,14660,"49","14660_49","Great Lakes Wooded Dune and Swale","Riparian",2663,533,NA,444,17,83,NA,"V-A",181,0,0,0.709804,0,0
"285",2031,"Developed",21869,78,59421,14660,"49","14660_49","Great Lakes Wooded Dune and Swale","Riparian",2663,533,NA,444,17,83,NA,"V-A",181,0,0,0.709804,0,0
"286",2031,"Ag",4501,78,59421,14660,"49","14660_49","Great Lakes Wooded Dune and Swale","Riparian",2663,533,NA,444,17,83,NA,"V-A",181,0,0,0.709804,0,0
"287",2033,"NatVeg",2918,79,16081,14710,"49","14710_49_52","Central Interior and Appalachian Floodplain Systems","Riparian",NA,426,68,59,NA,14,86,"III-A",0,191,176,0,0.74902,0.690196
"288",2033,"Other",2768,79,16081,14710,"49","14710_49_52","Central Interior and Appalachian Floodplain Systems","Riparian",NA,426,68,59,NA,14,86,"III-A",0,191,176,0,0.74902,0.690196
"289",2033,"Developed",1469,79,16081,14710,"49","14710_49_52","Central Interior and Appalachian Floodplain Systems","Riparian",NA,426,68,59,NA,14,86,"III-A",0,191,176,0,0.74902,0.690196
"290",2033,"Ag",8926,79,16081,14710,"49","14710_49_52","Central Interior and Appalachian Floodplain Systems","Riparian",NA,426,68,59,NA,14,86,"III-A",0,191,176,0,0.74902,0.690196
"291",2034,"NatVeg",3270,80,13690,14720,"49","14720_49","Central Interior and Appalachian Riparian Systems","Riparian",996,NA,198,165,17,NA,83,"III-B",36,255,20,0.141176,1,0.078431
"292",2034,"Other",1063,80,13690,14720,"49","14720_49","Central Interior and Appalachian Riparian Systems","Riparian",996,NA,198,165,17,NA,83,"III-B",36,255,20,0.141176,1,0.078431
"293",2034,"Developed",949,80,13690,14720,"49","14720_49","Central Interior and Appalachian Riparian Systems","Riparian",996,NA,198,165,17,NA,83,"III-B",36,255,20,0.141176,1,0.078431
"294",2034,"Ag",8408,80,13690,14720,"49","14720_49","Central Interior and Appalachian Riparian Systems","Riparian",996,NA,198,165,17,NA,83,"III-B",36,255,20,0.141176,1,0.078431
"295",2036,"NatVeg",47,81,191,15180,"49","15180_43_47_49_52_62_63_64_65","North-Central Interior Wet Flatwoods","Hardwood",993,NA,NA,993,100,NA,NA,"V-B",211,237,38,0.827451,0.929412,0.14902
"296",2036,"Other",20,81,191,15180,"49","15180_43_47_49_52_62_63_64_65","North-Central Interior Wet Flatwoods","Hardwood",993,NA,NA,993,100,NA,NA,"V-B",211,237,38,0.827451,0.929412,0.14902
"297",2036,"Developed",33,81,191,15180,"49","15180_43_47_49_52_62_63_64_65","North-Central Interior Wet Flatwoods","Hardwood",993,NA,NA,993,100,NA,NA,"V-B",211,237,38,0.827451,0.929412,0.14902
"298",2036,"Ag",91,81,191,15180,"49","15180_43_47_49_52_62_63_64_65","North-Central Interior Wet Flatwoods","Hardwood",993,NA,NA,993,100,NA,NA,"V-B",211,237,38,0.827451,0.929412,0.14902
"299",2726,"NatVeg",70256,82,104489,13622,"50","13622_41_50","Laurentian-Acadian Northern Pine(-Oak) Forest-Pine Dominated","Hardwood-Conifer",230,NA,40,34,15,NA,85,"I-C",255,167,127,1,0.654902,0.498039
"300",2726,"Other",8645,82,104489,13622,"50","13622_41_50","Laurentian-Acadian Northern Pine(-Oak) Forest-Pine Dominated","Hardwood-Conifer",230,NA,40,34,15,NA,85,"I-C",255,167,127,1,0.654902,0.498039
"301",2726,"Developed",20356,82,104489,13622,"50","13622_41_50","Laurentian-Acadian Northern Pine(-Oak) Forest-Pine Dominated","Hardwood-Conifer",230,NA,40,34,15,NA,85,"I-C",255,167,127,1,0.654902,0.498039
"302",2726,"Ag",5232,82,104489,13622,"50","13622_41_50","Laurentian-Acadian Northern Pine(-Oak) Forest-Pine Dominated","Hardwood-Conifer",230,NA,40,34,15,NA,85,"I-C",255,167,127,1,0.654902,0.498039
