"","VALUE","Freq","EVT_NAME","LFRDB","EVT_FUEL","EVT_Fuel_N","EVT_LF","EVT_PHYS","EVT_GP","EVT_GP_N","SAF_SRM","EVT_ORDER","EVT_CLASS","EVT_SBCLS","R","G","B","RED","GREEN","BLUE"
"1",7238,3667079,"Laurentian-Acadian Northern Oak Forest",7362,2238,"Tr Laurentian-Acadian Northern Oak Forest","Tree","Hardwood",665,"Red Pine-White Pine Forest and Woodland","SAF 15: Red Pine","Tree-dominated","Closed tree canopy","Deciduous closed tree canopy",174,245,224,0.682353,0.960784,0.878431
"2",7239,1628382,"Laurentian-Acadian Northern Pine-(Oak) Forest",7362,2239,"Tr Laurentian-Acadian Northern Pine-Oak Forest","Tree","Conifer-Hardwood",665,"Red Pine-White Pine Forest and Woodland","SAF 15: Red Pine","Tree-dominated","Closed tree canopy","Mixed evergreen-deciduous closed tree canopy",174,245,224,0.682353,0.960784,0.878431
"3",7240,322597,"Laurentian-Acadian Hardwood Forest",7366,2240,"Tr Laurentian-Acadian Hardwood Forest","Tree","Hardwood",685,"Pine-Hemlock-Hardwood Forest","SAF 24: Hemlock-Yellow Birch","Tree-dominated","Closed tree canopy","Deciduous closed tree canopy",0,92,0,0,0.360784,0
"4",7241,1808819,"Laurentian-Acadian Pine-Hemlock-Hardwood Forest",7366,2241,"Tr Laurentian-Acadian Pine-Hemlock-Hardwood Forest","Tree","Conifer-Hardwood",685,"Pine-Hemlock-Hardwood Forest","SAF 24: Hemlock-Yellow Birch","Tree-dominated","Closed tree canopy","Mixed evergreen-deciduous closed tree canopy",0,92,0,0,0.360784,0
"5",7242,77427,"Laurentian Oak Barrens",7407,2242,"Tr Laurentian Oak Barrens","Tree","Hardwood",676,"Jack Pine Forest","SAF 15: Red Pine","Tree-dominated","Sparse tree canopy","Deciduous sparse tree canopy",174,245,224,0.682353,0.960784,0.878431
"6",7243,17692,"Laurentian Pine-Oak Barrens",7407,2243,"Tr Laurentian Pine-Oak Barrens","Tree","Conifer-Hardwood",676,"Jack Pine Forest","SAF 15: Red Pine","Tree-dominated","Sparse tree canopy","Mixed evergreen-deciduous sparse tree canopy",174,245,224,0.682353,0.960784,0.878431
"7",7290,27563,"North-Central Oak Barrens Herbaceous",7395,2395,"Tr North-Central Oak Barrens","Herb","Grassland",663,"Black Oak Woodland and Savanna","SAF 14: Northern Pin Oak","Herbaceous / Nonvascular-dominated","Herbaceous - grassland","Perennial graminoid",44,127,163,0.172549,0.498039,0.639216
"8",7292,114987200,"Open Water",7292,11,"Ba Open Water","Water","Open Water",11,"Open Water","LF 11: Water","Non-vegetated","Non-vegetated","Non-vegetated",0,0,255,0,0,1
"9",7295,107003,"Quarries-Strip Mines-Gravel Pits-Well and Wind Pads",7295,32,"Bab Quarries-Strip Mines-Gravel Pits-Well and Wind Pads","Barren","Quarries-Strip Mines-Gravel Pits-Well and Wind Pads",32,"Quarries-Strip Mines-Gravel Pits-Well and Wind Pads","LF 20: Developed","Non-vegetated","Non-vegetated","Developed",230,232,250,0.901961,0.909804,0.980392
"10",7296,3270460,"Developed-Low Intensity",7296,2902,"Bau Developed-Low Intensity","Developed","Developed-Low Intensity",22,"Developed-Low Intensity","LF 20: Developed","No Dominant Lifeform","No Dominant Lifeform","Developed",255,122,143,1,0.478431,0.560784
"11",7297,1758308,"Developed-Medium Intensity",7297,2903,"Bau Developed-Medium Intensity","Developed","Developed-Medium Intensity",23,"Developed-Medium Intensity","LF 20: Developed","No Dominant Lifeform","No Dominant Lifeform","Developed",253,44,79,0.992157,0.172549,0.309804
"12",7298,966228,"Developed-High Intensity",7298,2904,"Bau Developed-High Intensity","Developed","Developed-High Intensity",24,"Developed-High Intensity","LF 20: Developed","No Dominant Lifeform","No Dominant Lifeform","Developed",173,0,28,0.678431,0,0.109804
"13",7299,8384094,"Developed-Roads",7299,2905,"Bau Developed-Roads","Developed","Developed-Roads",25,"Developed-Roads","LF 20: Developed","No Dominant Lifeform","No Dominant Lifeform","Developed",1,1,1,0.003922,0.003922,0.003922
"14",7301,8048587,"Laurentian-Acadian Sub-boreal Aspen-Birch Forest",7301,2301,"Tr Boreal Aspen-Birch Forest","Tree","Hardwood",652,"Aspen-Birch Forest","SAF 16: Aspen","Tree-dominated","Closed tree canopy","Deciduous closed tree canopy",192,255,138,0.752941,1,0.541176
"15",7302,22977885,"Laurentian-Acadian Northern Hardwoods Forest",7302,2302,"Tr Laurentian-Acadian Northern Hardwoods Forest","Tree","Hardwood",682,"Yellow Birch-Sugar Maple Forest","SAF 27: Sugar Maple","Tree-dominated","Closed tree canopy","Deciduous closed tree canopy",171,255,138,0.670588,1,0.541176
"16",7310,3071092,"North-Central Interior Dry-Mesic Oak Forest and Woodland",7310,2310,"Tr North-Central Interior Dry-Mesic Oak Forest and Woodland","Tree","Hardwood",660,"White Oak-Red Oak-Hickory Forest and Woodland","SAF 52: White Oak-Black Oak-Northern Red Oak","Tree-dominated","Closed tree canopy","Deciduous closed tree canopy",85,187,194,0.333333,0.733333,0.760784
"17",7311,2903891,"North-Central Interior Dry Oak Forest and Woodland",7311,2311,"Tr North-Central Interior Dry Oak Forest and Woodland","Tree","Hardwood",663,"Black Oak Woodland and Savanna","SAF 110: Black Oak","Tree-dominated","Open tree canopy","Deciduous open tree canopy",85,187,194,0.333333,0.733333,0.760784
"18",7313,3451647,"North-Central Interior Beech-Maple Forest",7313,2313,"Tr North-Central Interior Beech-Maple Forest","Tree","Hardwood",655,"Beech-Maple-Basswood Forest","SAF 25: Sugar Maple-Beech-Yellow Birch","Tree-dominated","Closed tree canopy","Deciduous closed tree canopy",0,92,0,0,0.360784,0
"19",7314,5,"North-Central Interior Maple-Basswood Forest",7314,2314,"Tr North-Central Interior Maple-Basswood Forest","Tree","Hardwood",655,"Beech-Maple-Basswood Forest","SAF 26: Sugar Maple-Basswood","Tree-dominated","Closed tree canopy","Deciduous closed tree canopy",171,255,138,0.670588,1,0.541176
"20",7362,2493193,"Laurentian-Acadian Northern Pine Forest",7362,2362,"Tr Laurentian-Acadian Northern Pine Forest","Tree","Conifer",665,"Red Pine-White Pine Forest and Woodland","SAF 15: Red Pine","Tree-dominated","Closed tree canopy","Evergreen closed tree canopy",174,245,224,0.682353,0.960784,0.878431
"21",7366,2543617,"Laurentian-Acadian Pine-Hemlock Forest",7366,2366,"Tr Laurentian-Acadian Pine-Hemlock Forest","Tree","Conifer",685,"Pine-Hemlock-Hardwood Forest","SAF 24: Hemlock-Yellow Birch","Tree-dominated","Closed tree canopy","Evergreen closed tree canopy",0,92,0,0,0.360784,0
"22",7394,2302,"North-Central Interior Oak Savanna",7394,2394,"Tr North-Central Interior Oak Savanna","Tree","Hardwood",659,"Bur Oak Woodland and Savanna","SAF 42: Bur Oak","Tree-dominated","Sparse tree canopy","Deciduous sparse tree canopy",6,53,122,0.023529,0.207843,0.478431
"23",7395,411897,"North-Central Oak Barrens Woodland",7395,2395,"Tr North-Central Oak Barrens","Tree","Hardwood",663,"Black Oak Woodland and Savanna","SAF 14: Northern Pin Oak","Tree-dominated","Sparse tree canopy","Deciduous sparse tree canopy",44,127,163,0.172549,0.498039,0.639216
"24",7407,479481,"Laurentian Pine Barrens",7407,2407,"Tr Laurentian Pine Barrens","Tree","Conifer",676,"Jack Pine Forest","SAF 15: Red Pine","Tree-dominated","Sparse tree canopy","Evergreen sparse tree canopy",174,245,224,0.682353,0.960784,0.878431
"25",7409,2994,"Great Lakes Alvar",7409,2409,"He Great Lakes Alvar","Herb","Grassland",671,"Great Lakes Alvar","SAF 37: Northern White-Cedar","Herbaceous / Nonvascular-dominated","Herbaceous - shrub-steppe","Perennial graminoid steppe",216,216,191,0.847059,0.847059,0.74902
"26",7411,23540,"Great Lakes Wet-Mesic Lakeplain Prairie",7411,2411,"He Great Lakes Wet-Mesic Lakeplain Prairie","Herb","Riparian",675,"Inland Marshes and Prairies","LF 44: Laurentian-Acadian Herbaceous Wetland","Herbaceous / Nonvascular-dominated","Herbaceous - grassland","Perennial graminoid grassland",255,92,38,1,0.360784,0.14902
"27",7412,25331,"North-Central Interior Sand and Gravel Tallgrass Prairie",7412,2412,"He North-Central Interior Sand and Gravel Tallgrass Prairie","Herb","Grassland",649,"Tallgrass Prairie","SRM 601: Bluestem Prairie","Herbaceous / Nonvascular-dominated","Herbaceous - grassland","Perennial graminoid grassland",255,137,64,1,0.537255,0.25098
"28",7466,159299,"Great Lakes Wooded Dune and Swale",7466,2466,"Tr Great Lakes Wooded Dune and Swale","Tree","Riparian",675,"Inland Marshes and Prairies","SAF 1: Jack Pine","Tree-dominated","Open tree canopy","Mixed evergreen-deciduous open tree canopy",174,245,224,0.682353,0.960784,0.878431
"29",7481,16405225,"Laurentian-Acadian Alkaline Conifer-Hardwood Swamp",7481,2481,"Tr Laurentian-Acadian Alkaline Conifer-Hardwood Swamp","Tree","Riparian",694,"Atlantic Swamp Forests","SAF 39: Black Ash-American Elm-Red Maple","Tree-dominated","Closed tree canopy","Mixed evergreen-deciduous closed tree canopy",50,137,168,0.196078,0.537255,0.658824
"30",7518,19376,"North-Central Interior Wet Flatwoods",7518,2518,"Tr North-Central Interior Wet Flatwoods","Tree","Riparian",673,"Hardwood Flatwoods","SAF 65: Pin Oak-Sweetgum","Tree-dominated","Open tree canopy","Deciduous open tree canopy",145,255,115,0.568627,1,0.45098
"31",7905,1634441,"Eastern Cool Temperate Urban Deciduous Forest",7905,2913,"Dtd Urban Deciduous Forest","Tree","Developed",13,"Developed-Upland Deciduous Forest","LF 20: Developed","Tree-dominated","Open tree canopy","Deciduous open tree canopy",112,68,137,0.439216,0.266667,0.537255
"32",7906,541630,"Eastern Cool Temperate Urban Evergreen Forest",7906,2914,"Dtc Urban Evergreen Forest","Tree","Developed",14,"Developed-Upland Evergreen Forest","LF 20: Developed","Tree-dominated","Open tree canopy","Evergreen open tree canopy",170,102,205,0.666667,0.4,0.803922
"33",7907,648134,"Eastern Cool Temperate Urban Mixed Forest",7907,2915,"Dtm Urban Mixed Deciduous-Evergreen Forest","Tree","Developed",15,"Developed-Upland Mixed Forest","LF 20: Developed","Tree-dominated","Open tree canopy","Mixed evergreen-deciduous open tree canopy",194,158,215,0.760784,0.619608,0.843137
"34",7908,2161176,"Eastern Cool Temperate Urban Herbaceous",7908,2916,"Dgr Urban Herbaceous","Herb","Developed",16,"Developed-Upland Herbaceous","LF 20: Developed","Herbaceous / Nonvascular-dominated","Herbaceous - grassland","Perennial graminoid",202,122,245,0.792157,0.478431,0.960784
"35",7909,914322,"Eastern Cool Temperate Urban Shrubland",7909,2917,"Dsh Urban Shrubland","Shrub","Developed",17,"Developed-Upland Shrubland","LF 20: Developed","Shrub-dominated","Shrubland","Mixed evergreen-deciduous shrubland",207,171,215,0.811765,0.670588,0.843137
"36",7925,396009,"Eastern Cool Temperate Developed Deciduous Forest",7925,2908,"Dtd Developed Deciduous Forest","Tree","Developed",13,"Developed-Upland Deciduous Forest","LF 20: Developed","Tree-dominated","Open tree canopy","Deciduous open tree canopy",64,61,168,0.25098,0.239216,0.658824
"37",7926,157296,"Eastern Cool Temperate Developed Evergreen Forest",7926,2909,"Dtc Developed Evergreen Forest","Tree","Developed",14,"Developed-Upland Evergreen Forest","LF 20: Developed","Tree-dominated","Open tree canopy","Evergreen open tree canopy",102,119,205,0.4,0.466667,0.803922
"38",7927,139334,"Eastern Cool Temperate Developed Mixed Forest",7927,2910,"Dtm Developed Mixed Deciduous-Evergreen Forest","Tree","Developed",15,"Developed-Upland Mixed Forest","LF 20: Developed","Tree-dominated","Open tree canopy","Mixed evergreen-deciduous open tree canopy",68,79,137,0.266667,0.309804,0.537255
"39",7928,16546,"Eastern Cool Temperate Developed Shrubland",7928,2912,"Dsh Developed Shrubland","Shrub","Developed",17,"Developed-Upland Shrubland","LF 20: Developed","Shrub-dominated","Shrubland","Mixed evergreen-deciduous shrubland",122,142,245,0.478431,0.556863,0.960784
"40",7929,199266,"Eastern Cool Temperate Developed Herbaceous",7929,2911,"Dgr Developed Herbaceous","Herb","Developed",16,"Developed-Upland Herbaceous","LF 20: Developed","Herbaceous / Nonvascular-dominated","Herbaceous - grassland","Perennial graminoid",158,170,215,0.619608,0.666667,0.843137
"41",7970,1036045,"Eastern Cool Temperate Orchard",7970,2960,"Dab Orchard","Tree","Agricultural",60,"Agricultural-Orchard","LF 80: Agriculture","Tree-dominated","Open tree canopy","Deciduous open tree canopy",210,28,94,0.823529,0.109804,0.368627
"42",7971,110290,"Eastern Cool Temperate Vineyard",7971,2961,"Da Vineyard","Agriculture","Agricultural",61,"Agricultural-Vineyard","LF 80: Agriculture","Shrub-dominated","Shrubland","Mixed evergreen-deciduous shrubland",168,0,132,0.658824,0,0.517647
"43",7972,181157,"Eastern Cool Temperate Bush fruit and berries",7972,2962,"Dab Bush Fruit and Berries","Shrub","Agricultural",62,"Agricultural-Bush fruit and berries","LF 80: Agriculture","Shrub-dominated","Shrubland","Mixed evergreen-deciduous shrubland",210,28,119,0.823529,0.109804,0.466667
"44",7973,985995,"Eastern Cool Temperate Row Crop - Close Grown Crop",7973,2963,"Da Row Crop - Close Grown Crop","Agriculture","Agricultural",63,"Agricultural-Row Crop-Close Grown Crop","LF 80: Agriculture","Herbaceous / Nonvascular-dominated","Herbaceous - grassland","Annual Graminoid/Forb",255,245,140,1,0.960784,0.54902
"45",7974,24408796,"Eastern Cool Temperate Row Crop",7974,2964,"Da Row Crop","Agriculture","Agricultural",64,"Agricultural-Row Crop","LF 80: Agriculture","Herbaceous / Nonvascular-dominated","Herbaceous - grassland","Annual Graminoid/Forb",250,255,119,0.980392,1,0.466667
"46",7975,4744511,"Eastern Cool Temperate Close Grown Crop",7975,2965,"Da Close Grown Crop","Agriculture","Agricultural",65,"Agricultural-Close Grown Crop","LF 80: Agriculture","Herbaceous / Nonvascular-dominated","Herbaceous - grassland","Annual Graminoid/Forb",255,237,119,1,0.929412,0.466667
"47",7976,3585837,"Eastern Cool Temperate Fallow/Idle Cropland",7976,2966,"Dab Fallow/Idle Cropland","Herb","Agricultural",66,"Agricultural-Fallow/Idle Cropland","LF 80: Agriculture","Herbaceous / Nonvascular-dominated","Herbaceous - grassland","Annual Graminoid/Forb",255,255,119,1,1,0.466667
"48",7977,5133297,"Eastern Cool Temperate Pasture and Hayland",7977,2967,"Dab Pasture and Hayland","Herb","Agricultural",67,"Agricultural-Pasture and Hayland","LF 80: Agriculture","Herbaceous / Nonvascular-dominated","Herbaceous - grassland","Annual Graminoid/Forb",227,212,28,0.890196,0.831373,0.109804
"49",7978,2112275,"Eastern Cool Temperate Wheat",7978,2968,"Da Wheat","Agriculture","Agricultural",68,"Agricultural-Wheat","LF 80: Agriculture","Herbaceous / Nonvascular-dominated","Herbaceous - grassland","Annual Graminoid/Forb",250,227,163,0.980392,0.890196,0.639216
"50",7979,3112,"Eastern Cool Temperate Aquaculture",7979,2969,"Da Aquaculture","Agriculture","Agricultural",69,"Agricultural-Aquaculture","LF 80: Agriculture","Herbaceous / Nonvascular-dominated","Herbaceous - grassland","Annual Graminoid/Forb",210,255,237,0.823529,1,0.929412
"51",9055,210940,"Boreal-Laurentian Bog",9055,2477,"Tr Boreal Acidic Peatland Systems","Shrub","Riparian",683,"Peatland Forests","SAF 13: Black Spruce-Tamarack","Shrub-dominated","Shrubland","Mixed evergreen-deciduous shrubland",186,163,119,0.729412,0.639216,0.466667
"52",9056,3601189,"Boreal-Laurentian Conifer Acidic Swamp and Treed Poor Fen",9056,2477,"Tr Boreal Acidic Peatland Systems","Tree","Riparian",683,"Peatland Forests","SAF 13: Black Spruce-Tamarack","Tree-dominated","Open tree canopy","Evergreen open tree canopy",186,163,119,0.729412,0.639216,0.466667
"53",9057,43237,"Boreal-Laurentian-Acadian Acidic Basin Fen",9057,2494,"Sh Laurentian-Acadian Shrub-Herbaceous Wetland Systems","Shrub","Riparian",675,"Inland Marshes and Prairies","LF 44: Laurentian-Acadian Herbaceous Wetland","Shrub-dominated","Shrubland","Mixed evergreen-deciduous shrubland",255,92,38,1,0.360784,0.14902
"54",9064,6,"Central Interior Acidic Cliff and Talus",9064,2497,"Sps Central Interior and Appalachian Sparsely Vegetated Systems","Sparse","Sparsely Vegetated",700,"Sparse Vegetation","LF 33: Sparsely Vegetated","No Dominant Lifeform","Sparsely vegetated","Sparsely vegetated",100,100,100,0.392157,0.392157,0.392157
"55",9088,6283,"Laurentian-Acadian Sub-boreal Dry-Mesic Pine-Black Spruce Forest",9088,2344,"Tr Boreal Jack Pine-Black Spruce Forest","Tree","Conifer",676,"Jack Pine Forest","SAF 1: Jack Pine","Tree-dominated","Closed tree canopy","Evergreen closed tree canopy",174,245,224,0.682353,0.960784,0.878431
"56",9089,2949576,"Laurentian-Acadian Sub-boreal Mesic Balsam Fir-Spruce Forest",9089,2365,"Tr Boreal White Spruce-Fir Forest","Tree","Conifer",693,"Spruce-Fir-Hardwood Forest","SAF 5: Balsam Fir","Tree-dominated","Closed tree canopy","Evergreen closed tree canopy",182,250,227,0.713725,0.980392,0.890196
"57",9099,453,"Great Lakes Acidic Rocky Shore and Cliff",9099,2499,"Sps Laurentian-Acadian Sparsely Vegetated Systems","Sparse","Sparsely Vegetated",700,"Sparse Vegetation","LF 33: Sparsely Vegetated","No Dominant Lifeform","Sparsely vegetated","Sparsely vegetated",100,100,100,0.392157,0.392157,0.392157
"58",9100,1247,"Great Lakes Alkaline Rocky Shore and Cliff",9100,2499,"Sps Laurentian-Acadian Sparsely Vegetated Systems","Sparse","Sparsely Vegetated",700,"Sparse Vegetation","LF 33: Sparsely Vegetated","No Dominant Lifeform","Sparsely vegetated","Sparsely vegetated",100,100,100,0.392157,0.392157,0.392157
"59",9101,66678,"Great Lakes Dune",9101,2499,"Sps Laurentian-Acadian Sparsely Vegetated Systems","Sparse","Sparsely Vegetated",700,"Sparse Vegetation","LF 33: Sparsely Vegetated","No Dominant Lifeform","Sparsely vegetated","Sparsely vegetated",100,100,100,0.392157,0.392157,0.392157
"60",9102,20345,"Great Lakes Freshwater Estuary and Delta",9102,2492,"He Great Lakes Coastal Marsh Systems","Herb","Riparian",675,"Inland Marshes and Prairies","LF 44: Laurentian-Acadian Herbaceous Wetland","Herbaceous / Nonvascular-dominated","Herbaceous - grassland","Perennial graminoid grassland",255,92,38,1,0.360784,0.14902
"61",9111,13121,"Laurentian Acidic Rocky Outcrop Woodland",9111,2559,"Tr Laurentian Acidic Rocky Outcrop","Tree","Conifer",676,"Jack Pine Forest","SAF 15: Red Pine","Tree-dominated","Sparse tree canopy","Evergreen sparse tree canopy",174,245,224,0.682353,0.960784,0.878431
"62",9112,4712080,"Laurentian Jack Pine-Red Pine Forest",9112,2246,"Tr Laurentian Jack Pine-Red Pine Forest","Tree","Conifer",676,"Jack Pine Forest","SAF 15: Red Pine","Tree-dominated","Sparse tree canopy","Evergreen sparse tree canopy",174,245,224,0.682353,0.960784,0.878431
"63",9113,424,"Laurentian-Acadian Acidic Cliff and Talus",9113,2499,"Sps Laurentian-Acadian Sparsely Vegetated Systems","Sparse","Sparsely Vegetated",700,"Sparse Vegetation","LF 33: Sparsely Vegetated","No Dominant Lifeform","Sparsely vegetated","Sparsely vegetated",100,100,100,0.392157,0.392157,0.392157
"64",9114,20332,"Laurentian-Acadian Alkaline Fen",9114,2494,"Sh Laurentian-Acadian Shrub-Herbaceous Wetland Systems","Shrub","Riparian",675,"Inland Marshes and Prairies","LF 44: Laurentian-Acadian Herbaceous Wetland","Shrub-dominated","Shrubland","Mixed evergreen-deciduous shrubland",255,92,38,1,0.360784,0.14902
"65",9115,42,"Laurentian-Acadian Calcareous Cliff and Talus",9115,2499,"Sps Laurentian-Acadian Sparsely Vegetated Systems","Sparse","Sparsely Vegetated",700,"Sparse Vegetation","LF 33: Sparsely Vegetated","No Dominant Lifeform","Sparsely vegetated","Sparsely vegetated",100,100,100,0.392157,0.392157,0.392157
"66",9117,640497,"Laurentian-Acadian Floodplain Forest",9117,2475,"Tr Laurentian-Acadian Floodplain Systems","Tree","Riparian",666,"Eastern Floodplain Forests","SAF 39: Black Ash-American Elm-Red Maple","Tree-dominated","Open tree canopy","Mixed evergreen-deciduous open tree canopy",50,137,168,0.196078,0.537255,0.658824
"67",9118,335929,"Laurentian-Acadian Freshwater Marsh",9118,2494,"Sh Laurentian-Acadian Shrub-Herbaceous Wetland Systems","Herb","Riparian",675,"Inland Marshes and Prairies","LF 44: Laurentian-Acadian Herbaceous Wetland","Herbaceous / Nonvascular-dominated","Herbaceous - grassland","Perennial graminoid grassland",255,92,38,1,0.360784,0.14902
"68",9120,538103,"Laurentian-Acadian Wet Meadow",9120,2494,"Sh Laurentian-Acadian Shrub-Herbaceous Wetland Systems","Herb","Riparian",783,"Wet Meadow","LF 44: Laurentian-Acadian Herbaceous Wetland","Herbaceous / Nonvascular-dominated","Herbaceous - grassland","Perennial graminoid grassland",255,92,38,1,0.360784,0.14902
"69",9177,192494,"North-Central Interior and Appalachian Acidic Peatland Woodland",9177,2479,"Tr Central Interior and Appalachian Swamp Systems","Tree","Riparian",694,"Atlantic Swamp Forests","LF 72: Peatland Forests","Tree-dominated","Open tree canopy","Mixed evergreen-deciduous open tree canopy",0,92,0,0,0.360784,0
"70",9178,3156562,"North-Central Interior and Appalachian Rich Swamp",9178,2479,"Tr Central Interior and Appalachian Swamp Systems","Tree","Riparian",694,"Atlantic Swamp Forests","SAF 39: Black Ash-American Elm-Red Maple","Tree-dominated","Open tree canopy","Mixed evergreen-deciduous open tree canopy",50,137,168,0.196078,0.537255,0.658824
"71",9179,1417913,"North-Central Interior Floodplain Forest",9179,2471,"Tr Central Interior and Appalachian Floodplain Systems","Tree","Riparian",666,"Eastern Floodplain Forests","SAF 61: River Birch-Sycamore","Tree-dominated","Open tree canopy","Mixed evergreen-deciduous open tree canopy",0,92,0,0,0.360784,0
"72",9180,265990,"North-Central Interior Freshwater Marsh",9180,2493,"Sh Central Interior and Appalachian Shrub-Herbaceous Wetland Systems","Herb","Riparian",675,"Inland Marshes and Prairies","LF 45: Central Interior and Appalachian Herbaceous Wetland","Herbaceous / Nonvascular-dominated","Herbaceous - grassland","Perennial graminoid grassland",91,195,199,0.356863,0.764706,0.780392
"73",9182,99575,"North-Central Interior Shrub Alkaline Fen",9182,2493,"Sh Central Interior and Appalachian Shrub-Herbaceous Wetland Systems","Shrub","Riparian",675,"Inland Marshes and Prairies","LF 45: Central Interior and Appalachian Herbaceous Wetland","Shrub-dominated","Shrubland","Mixed evergreen-deciduous shrubland",91,195,199,0.356863,0.764706,0.780392
"74",9183,199408,"North-Central Interior Shrub Swamp",9183,2493,"Sh Central Interior and Appalachian Shrub-Herbaceous Wetland Systems","Shrub","Riparian",675,"Inland Marshes and Prairies","LF 45: Central Interior and Appalachian Herbaceous Wetland","Shrub-dominated","Shrubland","Mixed evergreen-deciduous shrubland",91,195,199,0.356863,0.764706,0.780392
"75",9192,5271,"Northern Atlantic Coastal Plain Pond",9192,2474,"Tr Gulf and Atlantic Coastal Plain Small Stream Riparian Systems","Herb","Riparian",668,"Eastern Small Stream Riparian Forests","SAF 92: Sweetgum-Willow Oak","Herbaceous / Nonvascular-dominated","Herbaceous - grassland","Perennial graminoid",145,255,115,0.568627,1,0.45098
"76",9202,111436,"Northern Great Lakes Coastal Marsh",9202,2492,"He Great Lakes Coastal Marsh Systems","Herb","Riparian",675,"Inland Marshes and Prairies","LF 44: Laurentian-Acadian Herbaceous Wetland","Herbaceous / Nonvascular-dominated","Herbaceous - grassland","Perennial graminoid grassland",255,92,38,1,0.360784,0.14902
"77",9203,13437,"Northern Great Lakes Interdunal Wetland",9203,2492,"He Great Lakes Coastal Marsh Systems","Herb","Riparian",675,"Inland Marshes and Prairies","LF 44: Laurentian-Acadian Herbaceous Wetland","Herbaceous / Nonvascular-dominated","Herbaceous - grassland","Perennial graminoid grassland",255,92,38,1,0.360784,0.14902
"78",9295,2130,"Laurentian-Acadian Sub-boreal Dry-Mesic Pine-Black Spruce-Hardwood Forest",9088,2544,"Tr Boreal Jack Pine-Black Spruce-Hardwood Forest","Tree","Conifer-Hardwood",676,"Jack Pine Forest","SAF 1: Jack Pine","Tree-dominated","Closed tree canopy","Mixed evergreen-deciduous closed tree canopy",174,245,224,0.682353,0.960784,0.878431
"79",9312,3642273,"Northeastern North American Temperate Forest Plantation",9312,2562,"Tr Northeastern North American Temperate Forest Plantation","Tree","Conifer",731,"Managed Tree Plantation","LF 61: Managed Tree Plantation","Tree-dominated","Open Tree Canopy","Evergreen open tree canopy",158,67,14,0.619608,0.262745,0.054902
"80",9314,175267,"Northern & Central Native Ruderal Flooded & Swamp Forest",9314,2565,"Tr Northern & Central Native Ruderal Flooded & Swamp Forest","Tree","Riparian",740,"Ruderal Forest","LF 53: Ruderal Forest","Tree-dominated","Closed tree canopy","Mixed evergreen-deciduous closed tree canopy",255,105,46,1,0.411765,0.180392
"81",9315,2671013,"Northern & Central Native Ruderal Forest",9315,2566,"Tr Northern & Central Native Ruderal Forest","Tree","Conifer-Hardwood",740,"Ruderal Forest","LF 53: Ruderal Forest","Tree-dominated","Open tree canopy","Mixed evergreen-deciduous open tree canopy",255,105,46,1,0.411765,0.180392
"82",9317,329319,"Northern & Central Ruderal Shrubland",9317,2568,"Sh Northern & Central Ruderal Meadow & Shrubland","Shrub","Exotic Tree-Shrub",706,"Introduced Upland Vegetation-Shrub","LF 52: Introduced Upland Vegetation - Shrub","Shrub-dominated","Shrubland","Deciduous shrubland",255,105,46,1,0.411765,0.180392
"83",9318,141907,"Northern & Central Ruderal Wet Meadow & Marsh",9318,2569,"He Northern & Central Ruderal Wet Meadow & Marsh","Herb","Riparian",709,"Introduced Herbaceous Wetland Vegetation","LF 59: Introduced Herbaceous Wetland and Riparian Vegetation","Herbaceous / Nonvascular-dominated","Herbaceous - grassland","Perennial graminoid grassland",255,105,46,1,0.411765,0.180392
"84",9601,17251,"Great Lakes Dune Grassland",9101,2251,"He Great Lakes Dune Grassland","Herb","Grassland",654,"Atlantic Dunes and Grasslands","LF 57: Dunes and Maritime Grasslands","Herbaceous / Nonvascular-dominated","Herbaceous - grassland","Perennial graminoid grassland",255,98,41,1,0.384314,0.160784
"85",9611,1349,"Laurentian Acidic Rocky Outcrop Shrubland",9111,2559,"Tr Laurentian Acidic Rocky Outcrop","Shrub","Shrubland",676,"Jack Pine Forest","SAF 15: Red Pine","Shrub-dominated","Shrubland","Evergreen shrubland",174,245,224,0.682353,0.960784,0.878431
"86",9617,18057,"Laurentian-Acadian Floodplain Shrubland",9117,2475,"Tr Laurentian-Acadian Floodplain Systems","Shrub","Riparian",666,"Eastern Floodplain Forests","SAF 39: Black Ash-American Elm-Red Maple","Shrub-dominated","Shrubland","Mixed evergreen-deciduous shrubland",50,137,168,0.196078,0.537255,0.658824
"87",9620,321209,"Laurentian-Acadian Shrub Swamp",9120,2494,"Sh Laurentian-Acadian Shrub-Herbaceous Wetland Systems","Shrub","Riparian",675,"Inland Marshes and Prairies","LF 44: Laurentian-Acadian Herbaceous Wetland","Shrub-dominated","Shrubland","Mixed evergreen-deciduous shrubland",255,92,38,1,0.360784,0.14902
"88",9677,1813,"North-Central Interior and Appalachian Acidic Peatland Shrubland",9177,2479,"Tr Central Interior and Appalachian Swamp Systems","Shrub","Riparian",694,"Atlantic Swamp Forests","SAF 61: River Birch-Sycamore","Shrub-dominated","Shrubland","Mixed evergreen-deciduous shrubland",0,92,0,0,0.360784,0
"89",9679,6391,"North-Central Interior Floodplain Shrubland",9179,2471,"Tr Central Interior and Appalachian Floodplain Systems","Shrub","Riparian",666,"Eastern Floodplain Forests","SAF 61: River Birch-Sycamore","Shrub-dominated","Shrubland","Mixed evergreen-deciduous shrubland",0,92,0,0,0.360784,0
"90",9682,9499,"North-Central Interior Graminoid Alkaline Fen",9182,2493,"Sh Central Interior and Appalachian Shrub-Herbaceous Wetland Systems","Herb","Riparian",675,"Inland Marshes and Prairies","LF 45: Central Interior and Appalachian Herbaceous Wetland","Herbaceous / Nonvascular-dominated","Herbaceous - grassland","Perennial graminoid",91,195,199,0.356863,0.764706,0.780392
"91",9683,329384,"North-Central Interior Wet Meadow",9183,2493,"Sh Central Interior and Appalachian Shrub-Herbaceous Wetland Systems","Herb","Riparian",675,"Inland Marshes and Prairies","LF 45: Central Interior and Appalachian Herbaceous Wetland","Herbaceous / Nonvascular-dominated","Herbaceous - grassland","Perennial graminoid",91,195,199,0.356863,0.764706,0.780392
"92",9817,2933410,"Northern & Central Ruderal Meadow",9317,2568,"Sh Northern & Central Ruderal Meadow & Shrubland","Herb","Exotic Herbaceous",703,"Introduced Perennial Grassland and Forbland","LF 54: Introduced Upland Vegetation - Herbaceous","Herbaceous / Nonvascular-dominated","Herbaceous - grassland","Perennial graminoid grassland",255,105,46,1,0.411765,0.180392
